Date,Connections,Search Appearance,Views,Invitations,SSI Industry,SSI Network,SSI,Company Followers,Company Search Appearances,Company Unique Visitors,Company New Followers,Company Post Impressions,Company Custom Clicks,Company Credits Available,Company Credits Total
2025-04-06,27893,629,1327,464,1,2,71,,,,,,,0,0
2025-04-05,27890,629,1323,492,1,2,71,,,,,,,0,0
2025-04-04,27887,629,1320,519,1,2,71,,,,,,,0,0
2025-04-03,27882,629,1316,550,1,2,71,,,,,,,0,0
2025-04-02,27860,753,1310,553,1,2,71,,,,,,,0,0
2025-04-01,27853,753,1303,586,1,2,71,,,,,,,0,0
2025-03-31,27792,753,1243,497,1,2,71,,,,,,,0,0
2025-03-30,27792,753,1244,497,1,1,71,,,,,,,0,0
2025-03-28,27790,753,1235,575,1,1,71,,,,,,,0,0
2025-03-27,27779,753,1221,608,1,1,71,,,,,,,0,0
2025-03-26,27779,753,1221,608,1,1,71,,,,,,,0,0
2025-03-25,27754,760,1200,625,1,1,71,,,,,,,0,0
2025-03-24,27713,760,1148,549,1,2,71,,,,,,,0,0
2025-03-23,27710,760,1149,551,1,1,71,,,,,,,0,0
2025-03-22,27710,760,1149,576,1,1,71,,,,,,,0,0
2025-03-21,27708,760,1143,604,1,2,71,,,,,,,0,0
2025-03-20,27698,760,1128,637,1,1,71,,,,,,,0,0
2025-03-19,27665,682,1108,645,1,1,71,,,,,,,0,0
2025-03-18,27623,682,1091,672,1,1,71,,,,,,,0,0
2025-03-15,27623,682,1074,661,1,1,71,,,,,,,0,0
2025-03-14,27617,682,1080,691,1,1,71,,,,,,,0,0
2025-03-13,27606,682,1067,726,1,1,71,,,,,,,0,0
2025-03-12,27536,744,1046,741,1,1,71,,,,,,,0,0
2025-03-11,27506,744,1011,723,1,1,71,,,,,,,0,0
2025-03-10,27479,744,1000,679,1,3,65,,,,,,,0,0
2025-03-06,27459,744,1036,805,1,3,66,,,,,,,0,0
2025-03-05,27430,669,1010,803,1,3,66,,,,,,,0,0
2025-03-04,27400,669,974,778,1,3,66,,,,,,,0,0
2025-03-03,27384,669,967,759,1,3,66,,,,,,,0,0
2025-03-02,27384,669,970,759,1,3,66,,,,,,,0,0
2025-03-01,27382,669,965,786,1,1,72,,,,,,,0,0
2025-02-28,27382,669,964,786,1,1,72,,,,,,,0,0
2025-02-25,27345,671,941,867,1,1,71,,,,,,,0,0
2025-02-20,27288,671,888,881,1,1,72,,,,,,,0,0
2025-02-19,27283,676,888,853,1,1,72,,,,,,,0,0
2025-02-18,27273,676,885,843,1,1,71,,,,,,,0,0
2025-02-17,27257,676,866,817,1,1,71,,,,,,,0,0
2025-02-16,27248,676,859,770,1,1,71,,,,,,,0,0
2025-02-15,27248,676,864,795,1,2,71,,,,,,,0,0
2025-02-14,27248,676,865,794,1,2,70,,,,,,,0,0
2025-02-13,27248,676,865,794,1,2,70,,,,,,,0,0
2025-02-12,27248,843,868,789,1,2,70,,,,,,,0,0
2025-02-11,27248,843,858,787,1,2,70,,,,,,,0,0
2025-02-10,27247,843,857,782,1,2,70,,,,,,,0,0
2025-02-07,27246,843,863,783,1,2,70,,,,,,,0,0
2025-02-06,27238,843,859,773,1,2,70,,,,,,,0,0
2025-02-05,27238,843,859,773,1,2,70,,,,,,,0,0
2025-02-04,27234,726,867,765,1,2,69,,,,,,,0,0
2025-02-03,27230,726,885,759,1,2,69,,,,,,,0,0
2025-02-02,27230,726,902,755,1,2,69,,,,,,,0,0
2025-02-01,27230,726,903,755,1,3,72,,,,,,,0,0
2025-01-31,27230,726,901,756,1,3,72,,,,,,,0,0
2025-01-30,27181,726,904,756,1,3,71,,,,,,,0,0
2025-01-29,27180,640,903,754,2,3,48,,,,,,,0,0
2025-01-28,27180,640,917,754,2,3,48,,,,,,,0,0
2025-01-27,27178,640,922,754,1,3,71,,,,,,,0,0
2025-01-26,27177,640,940,755,1,3,71,,,,,,,0,0
2025-01-25,27175,640,950,756,1,3,70,,,,,,,0,0
2025-01-24,27176,640,953,757,1,3,70,,,,,,,0,0
2025-01-23,27174,640,964,759,1,3,70,,,,,,,0,0
2025-01-22,27173,704,972,760,1,3,69,,,,,,,0,0
2025-01-21,27173,704,995,760,1,3,69,,,,,,,0,0
2025-01-20,27173,704,1020,760,1,3,69,,,,,,,0,0
2025-01-19,27173,704,1033,762,2,7,64,,,,,,,0,0
2025-01-18,27174,704,1035,762,1,2,71,,,,,,,0,0
2025-01-17,27175,704,1043,762,1,2,71,,,,,,,0,0
2025-01-16,27176,704,1054,762,1,2,71,,,,,,,0,0
2025-01-15,27177,403,1061,762,1,2,72,,,,,,,0,0
2025-01-14,27177,403,1065,762,1,1,73,,,,,,,0,0
2025-01-13,27179,403,1093,762,1,1,73,,,,,,,0,0
2025-01-12,27179,403,1121,763,1,1,73,,,,,,,0,0
2025-01-11,27179,403,1122,762,1,1,74,,,,,,,0,0
2025-01-10,27179,403,1124,762,1,1,74,,,,,,,0,0
2025-01-09,27178,403,1129,764,1,1,74,,,,,,,0,0
2025-01-08,27176,293,1115,765,1,1,74,,,,,,,0,0
2025-01-07,27174,293,1186,765,1,1,74,,,,,,,0,0
2025-01-05,27174,293,1186,767,1,1,75,,,,,,,0,0
2025-01-04,27174,293,1189,767,1,1,73,,,,,,,0,0
2025-01-03,27158,293,1189,767,1,1,73,,,,,,,0,0
2025-01-02,27158,293,1192,766,1,1,73,,,,,,,0,0
2025-01-01,27158,516,1192,766,1,1,73,,,,,,,0,0
2024-12-31,27159,516,1208,766,1,1,73,,,,,,,0,0
2024-12-30,27159,516,1231,766,1,1,73,,,,,,,0,0
2024-12-29,27160,516,1261,766,1,1,73,,,,,,,0,0
2024-12-28,27161,516,1263,766,1,1,73,,,,,,,0,0
2024-12-27,27162,516,1269,766,1,1,73,,,,,,,0,0
2024-12-26,27162,516,1279,766,1,1,73,,,,,,,0,0
2024-12-25,27162,596,1294,766,1,1,73,,,,,,,0,0
2024-12-24,27162,596,1308,766,1,1,73,,,,,,,0,0
2024-12-23,27162,596,1352,767,1,1,73,,,,,,,0,0
2024-12-22,27161,596,1412,767,1,1,73,,,,,,,0,0
2024-12-21,27161,596,1417,767,1,1,73,,,,,,,0,0
2024-12-20,27161,596,1416,767,1,1,73,,,,,,,0,0
2024-12-19,27158,596,1427,770,1,1,74,,,,,,,0,0
2024-12-18,27157,484,1444,769,1,1,73,,,,,,,0,0
2024-12-17,27151,484,1448,774,1,1,74,,,,,,,0,0
2024-12-16,27152,484,1461,772,1,1,73,,,,,,,0,0
2024-12-15,27151,484,1511,771,1,1,74,,,,,,,0,0
2024-12-14,27151,484,1504,796,1,1,74,,,,,,,0,0
2024-12-13,27147,484,1503,821,1,1,73,,,,,,,0,0
2024-12-12,27141,484,1510,851,1,1,74,,,,,,,0,0
2024-12-11,27129,598,1516,880,1,1,73,,,,,,,0,0
2024-12-10,27111,598,1515,918,1,1,73,,,,,,,0,0
2024-12-09,27077,598,1522,850,1,1,73,,,,,,,0,0
2024-12-08,27077,598,1587,876,1,1,73,,,,,,,0,0
2024-12-07,27075,598,1584,902,1,1,73,,,,,,,0,0
2024-12-06,27072,598,1577,925,1,1,74,,,,,,,0,0
2024-12-05,27071,598,1573,950,1,1,73,,,,,,,0,0
2024-12-04,27069,622,1577,974,1,1,67,,,,,,,0,0
2024-12-03,27066,622,1574,998,1,1,67,,,,,,,0,0
2024-12-02,27064,622,1584,1023,1,2,67,,,,,,,0,0
2024-12-01,27062,622,1592,1048,1,2,67,,,,,,,0,0
2024-11-30,27062,622,1590,1073,1,1,68,,,,,,,0,0
2024-11-29,27061,622,1591,1098,1,1,68,,,,,,,0,0
2024-11-26,27047,739,1599,1179,1,1,75,,,,,,,0,0
2024-10-22,26831,704,1663,1990,1,1,76,,,,,,,0,0
2024-10-21,26802,704,1654,1963,1,1,76,,,,,,,0,0
2024-10-20,26798,704,1665,1993,1,1,76,,,,,,,0,0
2024-10-19,26787,704,1658,2029,1,1,76,,,,,,,0,0
2024-10-18,26764,704,1647,2004,1,1,76,,,,,,,0,0
2024-10-17,26761,704,1649,2031,1,1,76,,,,,,,0,0
2024-10-16,26758,739,1617,2014,1,1,76,,,,,,,0,0
2024-10-15,26725,739,1617,2054,1,1,76,,,,,,,0,0
2024-10-14,26708,739,1617,2025,1,1,76,,,,,,,0,0
2024-10-13,26704,739,1617,2047,1,1,76,,,,,,,0,0
2024-10-12,26702,739,1617,2059,1,1,76,,,,,,,0,0
2024-10-11,26701,739,1617,2109,1,1,76,,,,,,,0,0
2024-10-10,26697,739,1617,2134,1,1,76,,,,,,,0,0
2024-10-09,26682,739,1617,2168,1,1,76,797,,,,,,0,0
2024-10-08,26629,739,1585,2111,1,1,76,795,,,,,,0,0
2024-10-07,26623,739,1585,2127,1,1,76,793,,,,,,0,0
2024-10-06,26619,739,1604,2155,1,1,76,793,,,,,,0,0
2024-10-05,26616,739,1608,2156,1,1,76,793,,,,,,0,0
2024-10-04,26611,739,1613,2160,1,1,76,793,,,,,,0,0
2024-10-03,26605,739,1618,2164,1,1,76,791,,,,,,0,0
2024-10-02,26598,764,1613,2192,1,1,76,788,,,,,,0,0
2024-10-01,26584,764,1625,2230,1,1,76,787,393,78,78,15,,250,0
2024-09-30,26548,764,1612,2164,1,1,76,787,396,12,12,72,,157,0
2024-09-29,26547,764,1640,2165,1,1,76,787,415,13,13,72,,157,0
2024-09-28,26544,764,1646,2167,1,1,76,787,418,11,11,71,,0,0
2024-09-27,26541,764,1644,2168,1,1,76,785,439,12,12,74,,0,0
2024-09-26,26538,764,1652,2171,1,1,76,783,447,9,9,66,,0,0
2024-09-25,26530,732,1646,2174,1,1,76,779,448,7,7,65,,0,0
2024-09-24,26517,732,1626,2208,1,1,75,775,453,7,7,62,,0,0
2024-09-23,26486,732,1605,2163,1,1,76,775,456,7,7,56,,0,0
2024-09-22,26485,732,1630,2163,1,1,76,775,428,6,6,61,,0,0
2024-09-21,26483,732,1641,2165,1,1,76,774,423,4,4,65,,0,0
2024-09-20,26478,732,1632,2169,1,1,75,772,456,5,5,56,,0,0
2024-09-19,26471,732,1623,2176,1,1,74,771,480,9,9,61,,182,0
2024-09-18,26471,669,1629,2201,1,1,74,771,480,9,9,74,,0,0
2024-09-17,26449,669,1648,2242,1,1,73,768,516,9,9,76,,0,0
2024-09-16,26415,669,1617,2172,1,1,73,768,495,10,10,76,,0,0
2024-09-15,26413,669,1629,2199,1,1,74,768,495,10,10,71,,0,0
2024-09-14,26410,669,1633,2227,1,1,74,767,495,10,10,79,,0,0
2024-09-13,26408,669,1634,2256,1,1,74,768,460,7,7,75,,0,0
2024-09-12,26403,669,1643,2311,1,1,72,766,447,2,2,69,,0,0
2024-09-11,26395,548,1653,2316,1,1,71,761,404,1,1,56,,230,0
2024-09-10,26368,548,1652,2340,1,1,72,759,441,1,1,54,,250,0
2024-09-09,26296,548,1591,2251,1,1,72,759,498,0,0,47,,250,0
2024-09-08,26296,548,1601,2251,1,1,72,758,478,0,0,40,,0,0
2024-09-07,26296,548,1603,2251,1,1,72,758,387,0,0,23,,0,0
2024-09-06,26294,548,1602,2253,1,1,72,758,406,5,5,19,,0,0
2024-08-23,26245,436,1673,2089,1,1,71,749,577,6,6,13,,0,0
2024-08-22,26244,436,1668,2091,1,1,71,748,577,6,6,13,,165,0
2024-08-15,26205,485,1715,2025,1,1,70,0,0,0,0,0,0,0,0
2024-08-08,26160,385,1764,1899,1,2,69,0,0,0,0,0,0,0,0
2024-08-07,26155,347,1776,1909,1,2,69,0,0,0,0,0,0,0,0
2024-07-24,26057,599,1704,1865,1,3,67,0,0,0,0,0,0,0,0
2024-07-17,26010,599,1684,1766,1,3,68,712,584,61,33,428,0,154,250
2024-07-16,25986,479,1686,1737,2,4,67,709,539,64,35,445,0,169,250
2024-07-15,25972,479,1696,1714,2,4,67,708,521,66,36,459,0,169,250
2024-07-14,25958,479,1706,1691,2,4,67,707,503,68,37,473,0,169,250
2024-07-13,25959,479,1711,1692,1,4,67,707,474,71,37,481,0,169,250
2024-07-12,25959,479,1713,1693,1,4,67,707,474,69,36,485,0,169,250
2024-07-11,25945,513,1709,1706,2,5,66,705,495,67,38,469,0,177,250
2024-07-10,25932,546,1706,1718,2,5,66,704,516,65,39,453,0,177,250
2024-07-09,25928,546,1716,1720,2,5,66,705,516,63,39,416,0,183,250
2024-07-08,25897,546,1722,1704,4,7,64,704,508,62,42,423,0,192,250
2024-07-07,25886,546,1716,1686,4,7,64,704,507,62,44,430,0,192,250
2024-07-06,25883,546,1725,1689,4,8,64,0,0,0,0,0,0,0,0
2024-07-05,25881,546,1725,1691,4,8,64,702,555,61,48,225,0,191,250
2024-07-04,25874,546,1723,1696,4,8,64,0,0,0,53,244,0,193,250
2024-07-03,25855,565,1703,1690,1,1,66,92,93,10,52,269,0,64,250
2024-07-02,25839,577,1688,1686,1,1,67,177,183,18,52,288,0,64,250
2024-07-01,25823,589,1673,1682,1,1,68,262,273,26,52,307,0,64,250
2024-06-30,25807,601,1658,1678,1,1,69,347,363,34,52,326,0,64,250
2024-06-29,25791,613,1643,1674,1,1,70,432,453,42,52,345,0,64,250
2024-06-28,25775,625,1628,1670,1,1,71,517,543,50,52,364,0,64,250
2024-06-27,25759,637,1613,1666,1,1,72,602,633,58,52,383,0,64,250
2024-06-26,25743,649,1598,1662,1,1,73,687,723,66,52,402,0,64,250
2024-06-25,25709,649,1585,1637,1,1,73,687,730,65,54,430,0,64,250
2024-06-24,25691,665,1575,1623,1,1,73,681,724,79,57,500,0,163,250
2024-06-23,25677,679,1567,1620,1,1,73,680,720,79,59,560,0,163,250
2024-06-22,25663,693,1559,1617,1,1,73,679,716,79,61,620,0,163,250
2024-06-21,25649,707,1551,1614,1,1,73,678,712,79,63,680,0,163,250
2024-06-20,25635,721,1543,1611,1,1,73,677,708,79,65,740,0,163,250
2024-06-19,25621,735,1535,1608,1,1,73,676,704,79,67,800,0,163,250
2024-06-18,25607,749,1527,1605,1,1,73,675,700,79,69,860,0,163,250
2024-06-17,25593,763,1519,1602,1,1,73,674,696,79,71,920,0,163,250
2024-06-16,25579,777,1511,1599,1,1,73,673,692,79,73,980,0,163,250
2024-06-15,25565,791,1503,1596,1,1,73,672,688,79,75,1040,0,163,250
2024-06-14,25551,805,1495,1593,1,1,73,671,684,79,77,1100,0,163,250
2024-06-13,25537,819,1487,1590,1,1,73,670,680,79,79,1160,0,163,250
2024-06-12,25523,833,1479,1587,1,1,73,669,676,79,81,1220,0,163,250
2024-06-11,25509,847,1471,1584,1,1,73,668,672,79,83,1280,0,163,250
2024-06-10,25495,861,1463,1581,1,1,73,667,668,79,85,1340,0,163,250
2024-06-09,25481,875,1455,1578,1,1,73,666,664,79,87,1400,0,163,250
2024-06-08,25485,875,1461,1582,1,1,73,666,646,79,83,1450,0,162,250
2024-06-07,25488,875,1466,1585,1,1,73,666,629,79,80,1500,0,162,250
2024-06-06,25484,875,1462,1612,1,1,74,659,611,80,79,1500,0,170,250
2024-06-05,25478,678,1454,1576,1,1,73,658,611,79,72,1500,0,169,250
2024-06-04,25431,691,1406,1556,1,1,73,656,617,38,66,1462,0,244,250
2024-06-03,25420,691,1398,1550,1,1,73,654,617,38,65,1441,0,244,250
2024-06-02,25409,691,1390,1544,1,1,73,652,617,38,64,1420,0,244,250
2024-06-01,25398,691,1382,1538,1,1,73,650,617,38,63,1399,0,244,250
2024-05-31,25387,691,1374,1532,1,1,73,648,617,38,62,1378,0,244,250
2024-05-30,25376,691,1366,1526,1,1,73,646,617,38,61,1357,0,244,250
2024-05-29,25365,691,1358,1520,1,1,73,644,617,38,60,1336,0,244,250
2024-05-28,25354,691,1350,1514,1,1,73,642,617,38,59,1315,0,244,250
2024-05-27,25343,691,1342,1508,1,1,73,640,617,38,58,1294,0,244,250
2024-05-26,25332,691,1334,1502,1,1,73,638,617,38,57,1273,0,244,250
2024-05-25,25321,691,1326,1496,1,1,73,636,617,38,56,1252,0,244,250
2024-05-24,25310,691,1318,1490,1,1,73,634,617,38,55,1231,0,244,250
2024-05-23,25299,691,1310,1484,1,1,73,632,617,38,54,1210,0,244,250
2024-05-22,25288,691,1302,1478,1,1,73,630,617,38,53,1189,0,244,250
2024-05-21,25277,691,1294,1472,1,1,73,628,617,38,52,1168,0,244,250
2024-05-20,25266,691,1286,1466,1,1,73,626,617,38,51,1147,0,244,250
2024-05-19,25255,691,1278,1460,1,1,73,624,617,38,50,1126,0,244,250
2024-05-18,25244,691,1270,1454,1,1,73,622,617,38,49,1105,0,244,250
2024-05-17,25233,691,1262,1448,1,1,73,620,617,38,48,1084,0,244,250
2024-05-16,25222,691,1254,1442,1,1,73,618,617,38,47,1063,0,244,250
2024-05-15,25211,691,1246,1436,1,1,73,616,617,38,46,1042,0,244,250
2024-05-14,25200,691,1238,1430,1,1,73,614,617,38,45,1021,0,244,250
2024-05-13,25189,691,1230,1424,1,1,73,612,617,38,44,1000,0,244,250
2024-05-12,25178,691,1222,1418,1,1,73,610,617,38,43,979,0,244,250
2024-05-11,25167,691,1214,1412,1,1,73,608,617,38,42,958,0,244,250
2024-05-10,25156,691,1206,1406,1,1,73,606,617,38,41,937,0,244,250
2024-05-09,25145,691,1198,1400,1,1,73,604,617,38,40,916,0,244,250
2024-05-08,25134,691,1190,1394,1,1,73,602,617,38,39,895,0,244,250
2024-05-07,25123,691,1182,1388,1,1,73,600,617,38,38,874,0,244,250
2024-05-06,25112,691,1174,1382,1,1,73,598,617,38,37,853,0,244,250
2024-05-05,25101,691,1166,1376,1,1,73,596,617,38,36,832,0,244,250
2024-05-04,25090,691,1158,1370,1,1,73,594,617,38,35,811,0,244,250
2024-05-03,25079,691,1150,1364,1,1,73,592,617,38,34,790,0,244,250
2024-05-02,25068,691,1142,1358,1,1,73,590,617,38,33,769,0,244,250
2024-05-01,25057,691,1134,1352,1,1,73,588,617,38,32,748,0,244,250
2024-04-30,25046,691,1126,1346,1,1,73,586,617,38,31,727,0,244,250
2024-04-29,25035,691,1118,1340,1,1,73,584,617,38,30,706,0,244,250
2024-04-28,25024,691,1110,1334,1,1,73,582,617,38,29,685,0,244,250
2024-04-27,25013,691,1102,1328,1,1,73,580,617,38,28,664,0,244,250
2024-04-26,25002,691,1094,1322,1,1,73,578,617,38,27,643,0,244,250
2024-04-25,24991,691,1086,1316,1,1,73,576,617,38,26,622,0,244,250
2024-04-24,24980,691,1078,1310,1,1,73,574,617,38,25,601,0,244,250
2024-04-23,24969,691,1070,1304,1,1,73,572,617,38,24,580,0,244,250
2024-04-22,24959,691,1060,1260,1,1,72,572,618,42,26,590,0,244,250
2024-04-21,24957,691,1084,1320,1,1,73,572,606,44,27,595,0,244,250
2024-04-20,24956,691,1091,1372,1,1,73,572,592,44,32,582,0,244,250
2024-04-19,24954,691,1096,1391,1,1,73,572,564,46,34,571,0,245,250
2024-04-18,24947,691,1100,1428,1,1,73,572,602,46,36,539,0,246,250
2024-04-17,24920,689,1086,1415,1,1,72,569,619,46,36,524,0,246,250
2024-04-16,24913,689,1082,1360,1,1,73,567,627,45,36,499,0,247,250
2024-04-15,24901,689,1073,1307,1,1,73,566,645,47,39,506,0,247,250
2024-04-14,24900,689,1081,1358,1,1,73,566,670,49,45,508,0,247,250
2024-04-13,24898,689,1082,1405,1,1,72,566,694,55,47,510,0,247,250
2024-04-12,24894,689,1067,1415,1,1,72,566,721,59,50,523,0,248,250
2024-04-11,24882,689,1061,1405,1,1,72,567,762,59,51,539,0,248,250
2024-04-10,24853,826,1037,1382,1,1,72,566,753,57,51,559,0,248,250
2024-04-09,24840,826,1023,1357,1,1,72,565,754,57,52,531,0,248,250
2024-04-08,24837,826,1018,1409,1,1,72,565,738,58,52,527,0,248,250
2024-04-07,24834,826,1016,1425,1,1,72,565,702,59,55,534,0,248,250
2024-04-06,24830,826,1014,1419,1,1,72,565,694,59,58,519,0,248,250
2024-04-05,24827,826,1001,1428,1,1,72,565,657,62,61,524,0,249,250
2024-04-04,24819,826,1000,1469,1,1,72,569,604,65,59,508,0,249,250
2024-04-03,24812,699,992,1481,1,1,72,567,579,67,59,487,0,249,250
2024-04-02,24812,699,994,1481,1,1,72,567,579,69,59,489,0,249,250
2024-04-01,24807,699,993,1477,1,1,73,565,591,67,57,479,0,3,250
2024-03-31,24803,699,992,1473,1,1,73,565,602,67,57,472,0,3,250
2024-03-30,24799,699,991,1469,1,1,73,565,613,67,57,465,0,3,250
2024-03-29,24795,699,990,1465,1,1,73,565,624,67,57,458,0,3,250
2024-03-28,24787,699,982,1457,1,1,72,565,661,66,56,438,0,3,250
2024-03-27,24775,708,975,1472,1,1,72,554,666,61,42,421,0,146,250
2024-03-26,24768,710,968,1475,1,1,72,552,670,61,41,412,0,146,250
2024-03-25,24761,712,961,1478,1,1,72,550,674,61,40,403,0,146,250
2024-03-24,24754,714,954,1481,1,1,72,548,678,61,39,394,0,146,250
2024-03-23,24747,716,947,1484,1,1,72,546,682,61,38,385,0,146,250
2024-03-22,24740,718,940,1487,1,1,72,544,686,61,37,376,0,146,250
2024-03-21,24733,720,933,1490,1,1,72,542,690,61,36,367,0,146,250
2024-03-20,24726,722,926,1493,1,1,72,540,694,61,35,358,0,146,250
2024-03-19,24719,724,919,1496,1,1,72,538,698,61,34,349,0,146,250
2024-03-18,24712,726,912,1499,1,1,72,536,702,61,33,340,0,146,250
2024-03-17,24705,728,905,1502,1,1,72,534,706,61,32,331,0,146,250
2024-03-16,24698,730,898,1505,1,1,72,532,710,61,31,322,0,146,250
2024-03-15,24691,732,891,1508,1,1,72,530,714,61,30,313,0,146,250
2024-03-14,24684,734,884,1511,1,1,72,528,718,61,29,304,0,146,250
2024-03-13,24677,736,877,1514,1,1,72,526,722,61,28,295,0,146,250
2024-03-12,24670,738,870,1517,1,1,72,524,726,61,27,286,0,146,250
2024-03-11,24668,738,898,1519,1,1,72,521,690,64,28,256,0,155,250
2024-03-10,24660,696,894,1519,1,1,72,514,703,62,26,250,0,250,250
2024-03-09,24656,658,893,1519,1,1,72,513,710,61,25,247,0,250,250
2024-03-08,24652,620,892,1519,1,1,72,512,717,60,24,244,0,250,250
2024-03-07,24648,582,891,1519,1,1,72,511,724,59,23,241,0,250,250
2024-03-06,24644,544,890,1519,1,1,72,510,731,58,22,238,0,250,250
2024-03-05,24640,506,889,1519,1,1,72,509,738,57,21,235,0,250,250
2024-03-04,24636,468,888,1519,1,1,72,508,745,56,20,232,0,250,250
2024-03-03,24633,468,887,1525,1,1,72,505,747,54,21,224,0,153,250
2024-03-02,24630,468,887,1529,1,1,72,505,749,54,21,219,0,153,250
2024-03-01,24627,468,887,1533,1,1,72,505,751,54,21,214,0,153,250
2024-02-29,24624,468,887,1537,1,1,72,505,753,54,21,209,0,153,250
2024-02-28,24623,468,890,1555,1,1,71,506,753,57,20,227,0,163,250
2024-02-27,24622,439,895,1577,1,1,71,505,727,58,18,222,0,163,250
2024-02-26,24622,411,900,1598,1,1,71,505,701,59,17,217,0,163,250
2024-02-25,24619,411,902,1602,1,1,73,504,696,62,18,224,0,163,250
2024-02-24,24618,411,904,1605,1,1,73,503,693,63,19,229,0,163,250
2024-02-23,24617,411,906,1608,1,1,73,502,690,64,20,234,0,163,250
2024-02-22,24612,423,917,1615,1,1,73,499,709,65,20,237,0,162,250
2024-02-21,24611,431,922,1618,1,1,73,499,724,66,20,240,0,162,250
2024-02-20,24610,439,927,1621,1,1,73,499,739,67,20,243,0,162,250
2024-02-19,24609,447,932,1624,1,1,73,499,754,68,20,246,0,162,250
2024-02-18,24608,455,937,1627,1,1,73,499,769,69,20,249,0,162,250
2024-02-17,24607,463,942,1630,1,1,73,499,784,70,20,252,0,162,250
2024-02-16,24606,471,947,1633,1,1,73,499,799,71,20,255,0,162,250
2024-02-15,24605,479,952,1636,1,1,73,499,814,72,20,258,0,162,250
2024-02-14,24603,451,957,1635,1,3,74,497,804,71,18,252,0,161,250
2024-02-13,24601,423,960,1634,1,3,74,497,794,70,18,248,0,161,250
2024-02-12,24599,395,963,1633,1,3,74,497,784,69,18,244,0,161,250
2024-02-11,24599,395,974,1648,1,3,74,496,771,68,15,245,0,197,250
2024-02-10,24599,395,984,1662,1,3,74,495,758,68,13,246,0,197,250
2024-02-09,24598,382,982,1660,2,3,72,492,722,66,10,242,0,250,250
2024-02-08,24597,369,981,1660,2,3,72,490,687,66,10,240,0,250,250
2024-02-07,24596,356,980,1660,2,3,72,488,652,66,10,238,0,250,250
2024-02-06,24595,343,979,1660,2,3,72,486,617,66,10,236,0,250,250
2024-02-05,24593,343,987,1656,1,3,71,486,604,69,11,238,0,250,250
2024-02-04,24591,343,995,1653,1,3,71,486,592,71,11,239,0,250,250
2024-02-03,24589,343,999,1647,1,2,72,486,624,69,11,244,0,250,250
2024-02-02,24587,343,1001,1641,1,2,73,486,654,69,11,249,0,250,250
2024-02-01,24585,343,1003,1635,1,2,74,486,684,69,11,254,0,250,250
2024-01-31,24580,515,1006,1643,1,2,74,486,720,63,10,252,0,187,250
2024-01-30,24580,515,1014,1644,1,2,74,486,729,62,10,236,0,187,250
2024-01-29,24578,515,1023,1642,1,2,75,485,739,51,11,245,0,187,250
2024-01-28,24576,515,1042,1633,1,2,75,485,742,54,11,269,0,187,250
2024-01-27,24576,515,1056,1639,1,1,76,485,720,54,11,258,0,187,250
2024-01-26,24577,515,1060,1642,1,1,76,485,726,54,9,246,0,187,250
2024-01-25,24577,515,1074,1635,1,2,75,485,718,49,7,237,0,187,250
2024-01-24,24574,703,1088,1638,1,1,75,482,704,44,7,223,0,186,250
2024-01-23,24569,703,1092,1636,1,1,75,481,704,44,6,211,0,185,250
2024-01-22,24565,703,1091,1643,1,1,75,481,691,42,7,217,0,185,250
2024-01-21,24561,703,1094,1619,1,1,76,480,691,39,6,219,0,193,250
2024-01-20,24559,703,1099,1618,1,1,75,479,700,37,7,212,0,230,250
2024-01-19,24558,703,1103,1618,1,1,75,479,709,35,8,205,0,230,250
2024-01-18,24556,703,1099,1622,1,1,75,479,709,36,10,223,0,250,250
2024-01-17,24552,616,1091,1622,1,1,75,479,673,31,9,197,0,250,250
2024-01-16,24551,616,1093,1622,1,1,75,479,514,31,9,213,0,250,250
2024-01-15,24548,616,1102,1638,1,2,75,478,517,31,9,221,0,250,250
2024-01-14,24545,616,1111,1654,1,2,75,478,519,31,9,228,0,250,250
2024-01-13,24542,616,1118,1675,1,2,74,477,573,35,11,250,0,250,250
2024-01-12,24540,616,1124,1696,1,2,74,477,626,38,12,272,0,250,250
2024-01-11,24537,444,1126,1698,1,1,75,477,643,39,12,281,0,250,250
2024-01-10,24534,272,1128,1699,1,1,75,477,660,39,12,289,0,250,250
2024-01-09,24528,272,1138,1705,1,2,74,476,646,44,15,295,0,250,250
2024-01-08,24527,272,1148,1706,1,2,74,476,633,44,15,300,0,250,250
2024-01-07,24526,272,1158,1707,1,2,74,476,620,44,15,305,0,250,250
2024-01-06,24525,272,1168,1708,1,2,74,476,607,44,15,310,0,250,250
2024-01-05,24524,272,1178,1709,1,2,74,476,594,44,15,315,0,250,250
2024-01-04,24523,272,1188,1710,1,2,74,476,581,44,15,320,0,250,250
2024-01-03,24521,369,1203,1688,1,2,75,475,512,42,15,390,0,250,250
2024-01-02,24520,369,1209,1689,1,2,75,475,512,45,16,398,0,250,250
2024-01-01,24520,369,1217,1684,1,2,75,474,511,46,16,413,0,227,250
2023-12-31,24520,369,1222,1683,1,2,75,474,511,47,16,428,0,227,250
2023-12-30,24520,369,1227,1682,1,2,75,474,511,48,16,443,0,227,250
2023-12-29,24520,369,1232,1681,1,2,75,474,511,49,16,458,0,227,250
2023-12-28,24520,369,1237,1680,1,2,75,474,511,50,16,473,0,227,250
2023-12-27,24513,411,1248,1671,1,2,75,473,550,53,17,496,0,227,250
2023-12-26,24511,451,1258,1666,1,2,75,473,587,54,17,517,0,227,250
2023-12-25,24509,491,1268,1661,1,2,75,473,624,55,17,538,0,227,250
2023-12-24,24507,531,1278,1656,1,2,75,473,661,56,17,559,0,227,250
2023-12-23,24505,571,1288,1651,1,2,75,473,698,57,17,580,0,227,250
2023-12-22,24503,611,1298,1646,1,2,75,473,735,58,17,601,0,227,250
2023-12-21,24501,651,1308,1641,1,2,75,473,772,59,17,622,0,227,250
2023-12-20,24499,691,1318,1636,1,2,75,473,809,60,17,643,0,227,250
2023-12-19,24499,691,1321,1636,1,2,75,471,809,59,15,626,0,227,250
2023-12-18,24494,691,1331,1636,1,2,75,469,795,60,17,635,0,227,250
2023-12-17,24493,691,1338,1636,1,2,75,469,784,60,17,644,0,227,250
2023-12-16,24492,691,1345,1636,1,2,75,469,773,60,17,653,0,227,250
2023-12-15,24491,691,1352,1636,1,2,75,469,762,60,17,662,0,227,250
2023-12-14,24490,691,1359,1636,1,2,75,469,751,60,17,671,0,227,250
2023-12-13,24485,670,1343,1641,1,2,75,467,740,57,16,670,0,226,250
2023-12-12,24481,650,1327,1645,1,2,75,466,729,54,15,670,0,226,250
2023-12-11,24479,650,1339,1685,1,2,75,465,732,54,15,675,0,225,250
2023-12-10,24477,650,1350,1724,1,2,75,465,735,54,15,679,0,225,250
2023-12-09,24474,650,1351,1740,1,2,75,464,735,53,17,674,0,223,250
2023-12-08,24472,650,1351,1756,1,2,75,463,735,52,19,669,0,223,250
2023-12-07,24470,650,1338,1750,1,2,75,461,735,57,23,689,0,250,250
2023-12-06,24467,609,1347,1761,1,2,75,461,746,59,24,707,0,250,250
2023-12-05,24465,569,1356,1771,1,2,75,461,757,61,25,724,0,250,250
2023-12-04,24462,569,1350,1820,1,2,75,460,734,61,29,721,0,250,250
2023-12-03,24460,569,1365,1840,1,2,75,460,734,64,31,730,0,250,250
2023-12-02,24458,569,1368,1876,1,2,75,460,734,69,34,764,0,250,250
2023-12-01,24454,569,1362,1915,1,2,75,459,877,70,34,798,0,250,250
2023-11-30,24451,569,1363,1910,1,2,75,459,877,74,35,851,0,0,0
2023-11-29,24444,614,1375,1920,1,2,75,458,877,75,35,841,0,0,0
2023-11-28,24437,658,1386,1929,1,2,75,457,877,76,35,831,0,0,0
2023-11-27,24435,658,1384,1943,1,2,75,457,877,77,36,828,2,0,0
2023-11-26,24434,658,1387,1951,1,2,75,457,877,82,40,856,2,4,250
2023-11-25,24434,658,1394,1973,1,2,75,457,877,84,41,865,2,4,250
2023-11-24,24429,658,1394,1973,1,2,75,458,877,83,41,895,2,4,250
2023-11-23,24426,658,1397,1972,1,2,75,458,877,89,42,908,3,4,250
2023-11-22,24427,658,1392,1964,1,2,75,458,877,73,40,924,3,4,250
2023-11-21,24427,658,1395,1961,1,2,75,457,877,75,38,941,3,3,250
2023-11-20,24422,658,1385,1946,1,2,75,457,877,79,39,964,3,2,250
2023-11-19,24415,658,1382,1919,1,2,75,453,884,86,43,992,5,0,0
2023-11-18,24408,658,1380,1896,1,2,75,453,889,90,43,1019,5,0,0
2023-11-17,24401,658,1378,1873,1,2,75,453,894,94,43,1046,5,0,0
2023-11-16,24394,658,1376,1850,1,2,75,453,899,98,43,1073,5,0,0
2023-11-15,24387,658,1374,1827,1,2,75,453,904,102,43,1100,5,0,0
2023-11-14,24377,665,1361,1805,1,2,75,452,1000,106,46,1000,5,0,0
2023-11-13,24370,665,1361,1803,1,2,75,452,1000,115,48,1000,5,0,0
2023-11-12,24368,665,1372,1778,1,2,75,452,1000,123,59,1100,5,0,0
2023-11-11,24367,665,1375,1756,1,2,75,451,1000,129,61,1100,5,0,0
2023-11-10,24357,665,1374,1749,1,2,75,451,1000,130,62,1100,5,0,0
2023-11-09,24353,665,1367,1732,1,2,75,449,941,128,62,1000,5,0,0
2023-11-08,24346,578,1375,1734,1,2,75,446,941,128,62,1000,5,0,0
2023-11-07,24338,578,1364,1727,1,2,75,444,941,125,59,970,5,0,0
2023-11-06,24332,578,1354,1723,1,2,75,439,950,124,58,951,5,0,0
2023-11-05,24329,578,1351,1730,1,2,76,435,989,123,55,958,5,164,250
2023-11-04,24327,578,1348,1736,1,2,76,433,1026,122,55,965,5,164,250
2023-11-03,24325,578,1345,1742,1,2,76,431,1063,121,55,972,5,164,250
2023-11-02,24323,578,1342,1748,1,2,76,429,1100,120,55,979,5,164,250
2023-11-01,24328,493,1332,1778,1,1,76,426,1100,117,55,946,5,241,250
2023-10-31,24328,493,1332,1769,1,1,76,426,1100,117,55,946,5,250,250
2023-10-30,24312,493,1321,1676,1,1,76,424,1100,116,54,877,5,0,0
2023-10-29,24300,493,1308,1637,1,2,76,424,1100,117,56,869,5,0,0
2023-10-23,24253,675,1227,1643,1,1,76,418,118,115,56,798,2,0,0
2023-10-22,24250,675,1222,1632,1,1,76,418,119,114,62,795,2,0,0
2023-10-21,24248,675,1217,1622,1,1,76,418,120,113,67,792,2,0,0
2023-10-20,24244,675,1209,1629,1,1,76,425,241,115,74,774,2,0,0
2023-10-19,24241,675,1202,1635,1,1,76,431,361,117,80,757,2,0,0
2023-10-18,24235,640,1196,1642,1,1,76,522,361,113,80,710,0,0,0
2023-10-17,24221,640,1187,1611,1,1,76,521,361,110,84,691,1,0,0
2023-10-16,24207,640,1178,1581,1,1,76,520,361,108,88,672,2,0,0
2023-10-15,24189,640,1165,1517,1,1,77,516,451,112,92,668,2,0,0
2023-10-14,24186,640,1163,1521,1,1,77,513,451,105,85,655,2,0,0
2023-10-13,24180,640,1156,1551,1,1,77,504,446,97,74,605,2,42,250
2023-10-12,24178,640,1155,1554,1,1,77,501,446,95,72,589,2,78,250
2023-10-11,24163,629,1140,1524,1,1,77,495,437,88,67,567,2,201,250
2023-10-10,24148,623,1131,1499,1,1,77,493,430,87,66,551,2,201,250
2023-10-09,24133,617,1122,1474,1,1,77,491,423,86,65,535,2,201,250
2023-10-08,24118,611,1113,1449,1,1,77,489,416,85,64,519,2,201,250
2023-10-07,24103,605,1104,1424,1,1,77,487,409,84,63,503,2,201,250
2023-10-06,24088,599,1095,1399,1,1,77,485,402,83,62,487,2,201,250
2023-10-05,24073,593,1086,1374,1,1,77,483,395,82,61,471,2,201,250
2023-10-04,24058,587,1077,1349,1,1,77,481,388,81,60,455,2,201,250
2023-10-03,24045,587,1079,1354,1,1,76,479,388,82,60,454,2,250,250
2023-10-02,24034,615,1070,1334,1,1,76,469,403,71,51,425,5,0,0
2023-10-01,24024,631,1066,1320,1,1,76,468,408,70,49,407,5,0,0
2023-09-30,24014,647,1062,1306,1,1,76,467,413,69,47,389,5,0,0
2023-09-29,24004,663,1058,1292,1,1,76,466,418,68,45,371,5,0,0
2023-09-28,23994,679,1054,1278,1,1,76,465,423,67,43,353,5,0,0
2023-09-27,23984,695,1050,1264,1,1,76,464,428,66,41,335,5,0,0
2023-09-26,23974,711,1046,1250,1,1,76,463,433,65,39,317,5,0,0
2023-09-25,23964,727,1042,1236,1,1,76,462,438,64,37,299,5,0,0
2023-09-24,23954,743,1038,1222,1,1,76,461,443,63,35,281,5,0,0
2023-09-23,23944,759,1034,1208,1,1,76,460,448,62,33,263,5,0,0
2023-09-22,23934,775,1030,1194,1,1,76,459,453,61,31,245,5,0,0
2023-09-21,23924,791,1026,1180,1,1,76,458,458,60,29,227,5,0,0
2023-09-20,23914,807,1022,1166,1,1,76,457,463,59,27,209,5,0,0
2023-09-19,23895,807,1021,1160,1,1,76,447,463,54,25,197,5,39,250
2023-09-18,23888,807,1019,1145,1,1,76,444,463,50,23,199,3,86,250
2023-09-17,23882,807,1023,1134,1,1,76,439,404,47,15,191,3,102,250
2023-09-16,23878,807,1027,1123,1,1,76,434,347,46,8,185,3,102,250
2023-09-15,23874,807,1031,1112,1,1,76,429,290,45,1,179,3,102,250
2023-09-14,23866,807,1029,1119,1,1,76,0,0,0,0,0,0,0,0
2023-09-13,23855,584,1026,1120,1,1,75,418,290,45,1,164,3,250,250
2023-09-12,23855,584,1028,1116,1,1,75,0,0,41,1,158,3,250,250
2023-09-11,23838,584,1063,1124,1,1,75,418,277,41,1,141,3,250,250
2023-09-10,23837,584,1079,1112,1,2,75,418,252,41,1,144,3,250,250
2023-09-09,23836,584,1071,1123,1,2,75,418,236,40,1,143,3,250,250
2023-09-08,23833,584,1066,1118,1,2,75,418,228,39,1,102,3,250,250
2023-09-07,23829,584,1060,1109,1,2,74,418,210,37,1,102,3,250,250
2023-09-06,23820,458,1060,1112,1,2,74,418,192,38,1,96,3,250,250
2023-09-05,23817,458,1068,1108,1,2,74,418,179,39,1,95,3,250,250
2023-09-04,23809,458,1061,1110,1,2,74,418,179,38,1,101,3,250,250
2023-09-03,23809,458,1084,1107,1,2,74,418,169,37,1,107,3,250,250
2023-09-02,23807,458,1084,1108,1,2,74,418,132,35,1,120,3,250,250
2023-09-01,23806,458,1072,1125,1,2,73,418,112,35,1,134,0,250,250
2023-08-31,23806,458,1073,1125,1,2,73,418,112,35,2,135,0,250,250
2023-08-30,23801,509,1063,1132,1,2,73,418,163,33,2,128,0,250,250
2023-08-29,23780,509,1068,1156,2,2,72,418,172,32,2,126,0,250,250
2023-08-28,23775,509,1069,1156,2,2,72,418,176,32,2,125,0,250,250
2023-08-27,23771,509,1069,1176,1,2,73,418,177,33,2,128,0,250,250
2023-08-26,23767,509,1072,1189,1,2,73,418,211,32,1,121,0,250,250
2023-08-25,23764,509,1070,1189,2,2,72,417,245,35,1,122,0,250,250
2023-08-24,23763,509,1069,1187,1,2,72,417,245,37,1,125,0,250,250
2023-08-23,23760,555,1077,1187,1,2,73,417,225,36,1,115,0,250,250
2023-08-22,23736,541,1096,1169,1,3,73,417,268,56,10,123,1,0,0
2023-08-21,23733,538,1096,1167,1,3,73,417,288,56,10,131,1,0,0
2023-08-20,23730,535,1096,1165,1,3,73,417,308,56,10,139,1,0,0
2023-08-19,23727,532,1096,1163,1,3,73,417,328,56,10,147,1,0,0
2023-08-18,23724,529,1096,1161,1,3,73,417,348,56,10,155,1,0,0
2023-08-17,23721,526,1096,1159,1,3,73,417,368,56,10,163,1,0,0
2023-08-16,23718,523,1096,1157,1,3,73,417,388,56,10,171,1,0,0
2023-08-15,23715,520,1096,1155,1,3,73,417,408,56,10,179,1,0,0
2023-08-14,23712,517,1096,1153,1,3,73,417,428,56,10,187,1,0,0
2023-08-13,23709,514,1096,1151,1,3,73,417,448,56,10,195,1,0,0
2023-08-12,23706,511,1096,1149,1,3,73,417,468,56,10,203,1,0,0
2023-08-11,23703,508,1096,1147,1,3,73,417,488,56,10,211,1,0,0
2023-08-10,23700,505,1096,1145,1,3,73,417,508,56,10,219,1,0,0
2023-08-09,23697,502,1096,1143,1,3,73,417,528,56,10,227,1,0,0
2023-08-08,23694,499,1096,1141,1,3,73,417,548,56,10,235,1,0,0
2023-08-07,23691,496,1096,1139,1,3,73,417,568,56,10,243,1,0,0
2023-08-06,23688,493,1096,1137,1,3,73,417,588,56,10,251,1,0,0
2023-08-05,23685,490,1096,1135,1,3,73,417,608,56,10,259,1,0,0
2023-08-04,23682,487,1096,1133,1,3,73,417,628,56,10,267,1,0,0
2023-08-03,23679,484,1096,1131,1,3,73,417,648,56,10,275,1,0,0
2023-08-02,23676,481,1096,1129,1,3,73,417,668,56,10,283,1,0,0
2023-08-01,23673,478,1096,1127,1,3,73,417,688,56,10,291,1,0,0
2023-07-31,23670,475,1096,1125,1,3,73,417,708,56,10,299,1,0,0
2023-07-30,23667,472,1096,1123,1,3,73,417,728,56,10,307,1,0,0
2023-07-29,23664,469,1096,1121,1,3,73,417,748,56,10,315,1,0,0
2023-07-28,23661,466,1096,1119,1,3,73,417,768,56,10,323,1,0,0
2023-07-27,23658,463,1096,1117,1,3,73,417,788,56,10,331,1,183,250
2023-07-26,23655,488,1100,1115,1,3,72,417,840,54,10,563,1,183,250
2023-07-25,23647,488,1112,1132,1,3,72,417,814,55,10,572,1,183,250
2023-07-24,23644,488,1118,1163,1,3,73,417,803,55,10,575,1,183,250
2023-07-23,23644,488,1126,1181,1,3,73,417,799,56,10,589,1,183,250
2023-07-22,23643,488,1130,1205,1,3,73,417,747,57,10,590,1,183,250
2023-07-21,23634,488,1131,1222,1,3,73,417,720,60,10,594,2,183,250
2023-07-20,23627,488,1135,1248,1,3,73,417,719,60,10,586,2,183,250
2023-07-19,23624,579,1134,1267,1,3,73,417,734,61,10,594,2,183,250
2023-07-18,23624,579,1135,1268,1,3,73,417,734,62,9,603,2,183,250
2023-07-17,23618,579,1141,1266,1,3,73,416,727,62,10,591,4,0,0
2023-07-16,23612,579,1146,1264,1,3,73,416,724,62,10,582,4,0,0
2023-07-15,23606,579,1151,1262,1,3,73,416,721,62,10,573,4,0,0
2023-07-14,23600,579,1156,1260,1,3,73,416,718,62,10,564,4,0,0
2023-07-13,23594,579,1161,1258,1,3,73,416,715,62,10,555,4,181,250
2023-07-12,23586,532,1164,1252,1,3,73,416,657,59,9,556,4,0,0
2023-07-11,23581,532,1165,1226,1,3,73,415,642,57,7,546,3,0,0
2023-07-10,23577,532,1174,1202,1,3,73,414,632,58,5,540,3,0,0
2023-07-09,23573,532,1193,1196,1,3,73,411,611,58,4,523,3,0,0
2023-07-08,23571,532,1197,1181,1,3,73,410,609,54,1,515,3,0,0
2023-07-07,23568,532,1194,1181,1,3,73,407,621,56,0,508,3,0,0
2023-07-06,23562,532,1203,1156,1,3,73,406,633,53,0,462,3,0,0
2023-07-05,23552,639,1218,1141,1,3,73,406,678,53,0,464,3,0,0
2023-07-04,23544,639,1217,1153,1,3,73,406,673,53,0,459,3,0,0
2023-07-03,23537,639,1210,1137,1,3,73,406,697,55,0,463,4,0,0
2023-07-02,23533,639,1224,1156,1,3,73,406,706,55,0,462,3,0,0
2023-07-01,23530,639,1221,1145,1,3,74,406,694,53,0,465,3,0,0
2023-06-30,23523,639,1218,1146,1,3,74,406,665,52,0,462,3,0,0
2023-06-29,23519,639,1217,1160,1,3,74,406,672,51,0,412,3,0,0
2023-06-28,23514,639,1221,1163,1,3,74,406,672,52,1,431,3,0,0
2023-06-27,23506,694,1247,1137,1,3,73,406,654,53,1,436,3,0,0
2023-06-26,23493,694,1243,1125,1,3,73,407,635,55,1,202,3,0,0
2023-06-25,23491,694,1254,1122,1,3,74,407,616,54,1,189,3,0,0
2023-06-24,23489,694,1255,1149,1,3,73,407,637,53,1,184,3,0,0
2023-06-23,23486,694,1258,1169,1,3,74,407,648,52,1,172,3,0,0
2023-06-22,23483,694,1262,1176,1,3,74,407,647,55,1,178,3,0,0
2023-06-21,23470,660,1261,1158,1,2,74,407,686,56,1,176,3,0,0
2023-06-20,23462,660,1263,1162,1,2,74,407,706,55,1,175,3,0,0
2023-06-19,23444,660,1250,1140,1,2,74,407,716,54,1,162,3,0,0
2023-06-18,23435,660,1256,1158,1,3,73,407,713,57,0,158,3,0,0
2023-06-17,23428,660,1260,1174,1,3,73,407,713,58,0,154,3,0,0
2023-06-16,23421,660,1264,1190,1,3,73,407,713,59,0,150,3,0,0
2023-06-15,23414,660,1268,1206,1,3,73,407,713,60,0,146,3,0,0
2023-06-14,23371,576,1232,1204,1,3,73,407,707,57,0,136,2,0,0
2023-06-13,23353,576,1227,1193,1,3,73,406,675,56,0,142,3,0,0
2023-06-12,23331,576,1235,1139,1,3,73,406,701,57,0,140,3,0,0
2023-06-11,23330,576,1250,1160,1,3,74,406,748,60,0,136,4,0,0
2023-06-10,23329,576,1255,1181,1,3,74,406,759,64,0,136,6,0,0
2023-06-09,23324,576,1261,1206,1,2,74,406,738,64,1,134,7,0,0
2023-06-08,23311,576,1259,1223,2,3,73,406,742,62,1,128,7,0,0
2023-06-07,23299,597,1260,1198,2,4,71,406,667,60,1,126,7,0,0
2023-06-06,23290,597,1256,1196,2,4,70,406,657,61,1,124,7,0,0
2023-06-05,23280,597,1260,1189,3,8,68,406,650,62,1,130,9,0,0
2023-06-04,23270,597,1260,1186,4,9,67,406,644,62,1,135,9,0,0
2023-06-03,23260,597,1260,1183,5,10,66,406,635,64,1,139,9,0,0
2023-06-02,23250,597,1260,1180,6,11,65,406,624,64,1,146,9,0,0
2023-06-01,23240,597,1260,1177,7,12,64,406,615,66,1,148,13,0,0
2023-05-31,23231,608,1263,1163,7,12,64,406,637,65,2,141,15,0,0
2023-05-30,23222,618,1266,1152,7,12,64,406,659,65,2,134,15,0,0
2023-05-29,23213,628,1269,1141,7,12,64,406,681,64,2,127,15,0,0
2023-05-28,23204,638,1272,1130,7,12,64,406,703,63,2,120,15,0,0
2023-05-27,23195,648,1275,1119,7,12,64,406,725,63,2,113,15,0,0
2023-05-26,23186,658,1278,1108,7,12,64,406,748,62,2,103,16,0,0
2023-05-25,23186,658,1276,1106,7,13,64,406,748,62,2,103,16,0,0
2023-05-24,23178,658,1276,1112,7,13,63,406,760,64,2,103,16,0,0
2023-05-23,23167,682,1283,1110,7,13,63,406,696,64,2,101,16,0,0
2023-05-22,23157,317,586,1106,7,13,63,406,684,61,2,92,16,0,0
2023-05-21,23147,317,586,1115,7,13,63,406,687,59,2,91,15,0,0
2023-05-20,23140,317,586,1110,7,14,63,406,668,63,2,94,17,0,0
2023-05-19,23138,317,586,1107,5,10,65,406,735,64,2,94,17,0,0
2023-05-18,23133,317,586,1107,5,10,66,406,745,65,2,103,17,0,0
2023-05-17,23129,317,586,1114,5,10,65,406,699,65,2,103,17,0,0
2023-05-16,23123,317,586,1116,5,10,65,406,688,64,2,111,18,0,0
2023-05-15,23116,317,586,1115,3,6,69,406,729,61,2,107,17,0,0
2023-05-14,23103,317,586,1079,3,6,69,0,0,0,0,0,0,0,0
2023-05-13,23100,317,586,1080,3,6,69,0,0,0,0,0,0,0,0
2023-05-12,23089,317,586,1070,3,6,69,0,0,0,0,0,0,0,0
2023-05-11,23088,317,586,1095,3,7,68,0,0,0,0,0,0,0,0
2023-05-10,23086,317,586,1105,3,7,68,0,0,0,0,0,0,0,0
2023-05-09,23066,317,586,1103,4,7,68,0,0,0,0,0,0,0,0
2023-05-08,23061,317,586,1103,2,4,71,,,,,,,0,0
2023-05-07,23059,317,586,1103,2,4,71,,,,,,,0,0
2023-05-06,23057,317,586,1103,2,4,71,,,,,,,0,0
2023-05-05,23055,317,586,1103,2,4,71,0,0,0,0,0,0,0,0
2023-05-04,23047,317,586,1104,2,4,72,0,0,0,0,0,0,0,0
2023-05-03,23037,317,586,1105,2,4,71,0,0,0,0,0,0,0,0
2023-05-02,23031,317,586,1105,2,4,71,0,0,0,0,0,0,0,0
2023-05-01,23024,317,586,1104,2,4,72,0,0,0,0,0,0,0,0
2023-04-30,23021,317,586,1106,2,4,72,0,0,0,0,0,0,0,0
2023-04-29,23016,317,586,1106,2,4,72,0,0,0,0,0,0,0,0
2023-04-28,23010,317,586,1105,2,4,72,0,0,0,0,0,0,0,0
2023-04-27,23005,317,586,1105,2,4,72,0,0,0,0,0,0,0,0
2023-04-26,22998,317,586,1103,2,4,72,0,0,0,0,0,0,0,0
2023-04-25,22990,317,586,1105,2,3,72,0,0,0,0,0,0,0,0
2023-04-24,22982,317,586,1106,2,3,72,0,0,0,0,0,0,0,0
2023-04-23,22979,317,586,1110,2,4,72,0,0,0,0,0,0,0,0
2023-04-22,22972,317,586,1106,2,4,72,0,0,0,0,0,0,0,0
2023-04-21,22967,317,586,1105,2,4,72,0,0,0,0,0,0,0,0
2023-04-20,22967,317,586,1105,2,4,72,0,0,0,0,0,0,0,0
2023-04-19,22961,317,586,1121,2,4,72,,,,,,,0,0
2023-04-18,22955,317,586,1136,2,4,72,0,0,0,0,0,0,0,0
2023-04-17,22952,317,586,1151,2,4,72,0,0,0,0,0,0,0,0
2023-04-16,22949,317,586,1148,2,5,71,0,0,0,0,0,0,0,0
2023-04-15,22946,317,586,1144,2,5,71,0,0,0,0,0,0,0,0
2023-04-14,22938,317,586,1140,2,4,72,0,0,0,0,0,0,0,0
2023-04-13,22935,317,586,1142,2,4,72,0,0,0,0,0,0,0,0
2023-04-12,22920,317,586,1141,2,4,72,,,,,,,0,0
2023-04-11,22905,317,586,1140,2,4,72,0,0,0,0,0,0,0,0
2023-04-10,22890,317,586,1137,2,4,72,0,0,0,0,0,0,0,0
2023-04-09,22888,317,586,1131,2,4,72,0,0,0,0,0,0,0,0
2023-04-08,22884,317,586,1125,2,3,73,0,0,0,0,0,0,0,0
2023-04-07,22884,317,586,1118,2,4,73,0,0,0,0,0,0,0,0
2023-04-06,22879,317,586,1114,2,3,73,0,0,0,0,0,0,0,0
2023-04-05,22877,317,586,1114,2,3,73,0,0,0,0,0,0,0,0
2023-04-04,22868,317,586,1105,1,2,75,,,,,,,0,0
2023-04-03,22862,317,586,1100,1,2,75,,,,,,,0,0
2023-04-02,22856,317,586,1095,1,2,75,,,,,,,0,0
2023-04-01,22850,317,586,1090,1,2,75,,,,,,,0,0
2023-03-31,22844,317,586,1085,1,2,75,,,,,,,0,0
2023-03-30,22838,317,586,1080,1,2,75,,,,,,,0,0
2023-03-29,22832,317,586,1075,1,2,75,,,,,,,0,0
2023-03-28,22826,317,586,1070,1,2,75,403,691,34,0,655,8,0,0
2023-03-27,22817,317,586,1060,1,2,75,,,,,,,0,0
2023-03-26,22810,317,586,1052,1,2,75,,,,,,,0,0
2023-03-25,22803,317,586,1044,1,2,75,,,,,,,0,0
2023-03-24,22796,317,586,1036,1,2,75,,,,,,,0,0
2023-03-23,22789,317,586,1028,1,2,75,,,,,,,0,0
2023-03-22,22782,317,586,1020,1,2,75,0,0,0,0,0,0,0,0
2023-03-21,22772,317,586,1011,1,1,77,,,,,,,0,0
2023-03-20,22767,317,586,1002,1,1,77,,,,,,,0,0
2023-03-19,22762,317,586,993,1,1,77,,,,,,,0,0
2023-03-18,22757,317,586,984,1,1,77,,,,,,,0,0
2023-03-17,22752,317,586,975,1,1,77,,,,,,,0,0
2023-03-16,22747,317,586,966,1,1,77,,,,,,,0,0
2023-03-15,22742,317,586,957,1,1,77,,,,,,,0,0
2023-03-14,22737,317,586,948,1,1,77,,,,,,,0,0
2023-03-13,22732,317,586,939,1,1,77,,,,,,,0,0
2023-03-12,22727,317,586,930,1,1,77,,,,,,,0,0
2023-03-11,22722,317,586,921,1,1,77,404,850,42,1,1100,7,0,0
2023-03-10,22719,317,586,915,1,1,78,404,854,41,0,1100,7,0,0
2023-03-09,22708,317,586,903,1,1,77,,,,,,,0,0
2023-03-08,22697,317,586,892,1,1,77,,,,,,,0,0
2023-03-07,22686,317,586,881,1,1,77,404,823,48,3,1200,6,0,0
2023-03-06,22682,317,586,872,1,1,77,,,,,,,0,0
2023-03-05,22678,317,586,863,1,1,77,404,820,50,3,1200,7,0,0
2023-03-04,22671,317,586,848,1,1,79,,,,,,,0,0
2023-03-03,22669,317,586,839,1,1,80,,,,,,,0,0
2023-03-02,22662,317,586,824,1,1,80,,,,,,,0,0
2023-03-01,22655,317,586,811,1,1,80,,,,,,,0,0
2023-02-01,22411,317,586,473,1,1,79,,,,,,,0,0
2023-01-31,22401,633,1171,453,1,1,78,,,,,,,0,0
2023-01-30,22397,633,1157,449,1,2,76,,,,,,,0,0
2023-01-29,22396,633,1159,449,1,2,76,,,,,,,0,0
2023-01-28,22394,633,1158,450,1,2,76,,,,,,,0,0
2023-01-27,22388,633,1146,424,1,2,76,,,,,,,0,0
2023-01-26,22380,633,1140,418,1,2,75,,,,,,,0,0
2023-01-25,22376,775,1132,407,1,2,75,,,,,,,0,0
2023-01-24,22375,775,1121,396,1,2,75,,,,,,,0,0
2023-01-23,22371,775,1119,385,1,2,75,,,,,,,0,0
2023-01-22,22370,775,1121,385,1,2,75,,,,,,,0,0
2023-01-21,22367,775,1122,385,1,2,75,,,,,,,0,0
2023-01-20,22364,775,1107,377,1,2,75,,,,,,,0,0
2023-01-19,22361,775,1096,372,1,2,75,,,,,,,0,0
2023-01-18,22358,695,1092,365,1,2,74,,,,,,,0,0
2023-01-17,22347,695,1085,364,1,2,74,,,,,,,0,0
2023-01-16,22340,695,1089,365,1,2,75,,,,,,,0,0
2023-01-15,22336,695,1093,366,1,2,75,,,,,,,0,0
2023-01-14,22332,695,1097,367,1,2,75,,,,,,,0,0
2023-01-13,22328,695,1101,368,1,2,75,,,,,,,0,0
2023-01-12,22324,695,1099,366,1,2,75,,,,,,,0,0
2023-01-11,22319,354,1097,370,1,2,75,,,,,,,0,0
2023-01-10,22300,354,1098,347,1,2,75,,,,,,,0,0
2023-01-09,22289,354,1103,327,1,2,75,,,,,,,0,0
2023-01-08,22287,354,1111,329,1,2,75,,,,,,,0,0
2023-01-07,22287,354,1104,329,1,2,75,,,,,,,0,0
2023-01-06,22287,354,1097,325,1,2,75,,,,,,,0,0
2023-01-05,22285,354,1097,316,1,2,75,,,,,,,0,0
2023-01-04,22280,380,1100,309,1,1,76,,,,,,,0,0
2023-01-03,22281,380,1097,307,1,1,76,,,,,,,0,0
2023-01-02,22275,406,1106,303,1,1,79,,,,,,,0,0
2023-01-01,22272,424,1111,299,1,1,79,,,,,,,0,0
2022-12-31,22269,442,1116,295,1,1,79,,,,,,,0,0
2022-12-30,22266,460,1121,291,1,1,79,,,,,,,0,0
2022-12-29,22263,478,1126,287,1,1,79,,,,,,,0,0
2022-12-28,22260,496,1131,283,1,1,79,,,,,,,0,0
2022-12-27,22257,514,1136,279,1,1,79,,,,,,,0,0
2022-12-26,22254,532,1141,275,1,1,79,,,,,,,0,0
2022-12-25,22251,550,1146,271,1,1,79,,,,,,,0,0
2022-12-24,22250,550,1153,271,1,1,79,,,,,,,0,0
2022-12-23,22248,550,1161,264,1,1,79,,,,,,,0,0
2022-12-22,22249,550,1163,259,1,1,79,,,,,,,0,0
2022-12-21,22242,569,1147,250,1,1,78,,,,,,,0,0
2022-12-20,22239,583,1137,246,1,1,78,,,,,,,0,0
2022-12-19,22236,597,1127,242,1,1,78,,,,,,,0,0
2022-12-18,22233,611,1117,238,1,1,78,,,,,,,0,0
2022-12-17,22230,625,1107,234,1,1,78,,,,,,,0,0
2022-12-16,22227,639,1097,230,1,1,78,,,,,,,0,0
2022-12-15,22224,653,1087,226,1,1,78,,,,,,,0,0
2022-12-14,22221,667,1077,222,1,1,78,,,,,,,0,0
2022-12-13,22218,681,1067,218,1,1,78,,,,,,,0,0
2022-12-12,22215,681,1057,214,1,1,77,,,,,,,0,0
2022-12-11,22212,681,1047,212,1,1,77,,,,,,,0,0
2022-12-10,22209,681,1037,210,1,1,77,,,,,,,0,0
2022-12-09,22206,681,1027,208,1,1,77,,,,,,,0,0
2022-12-08,22204,681,1013,202,1,1,76,,,,,,,0,0
2022-12-07,22203,628,1013,203,1,2,75,,,,,,,0,0
2022-12-06,22199,646,1011,200,1,3,73,,,,,,,0,0
2022-12-05,22196,660,1009,197,1,3,73,,,,,,,0,0
2022-12-04,22193,674,1007,194,1,3,73,,,,,,,0,0
2022-12-03,22190,688,1005,191,1,3,73,,,,,,,0,0
2022-12-02,22187,702,1003,188,1,3,73,,,,,,,0,0
2022-12-01,22184,716,1001,185,1,3,73,,,,,,,0,0
2022-11-30,22181,730,999,182,1,3,73,,,,,,,0,0
2022-11-29,22178,744,997,179,1,3,73,,,,,,,0,0
2022-11-28,22174,744,987,169,1,3,73,,,,,,,0,0
2022-11-27,22170,744,988,170,2,4,72,,,,,,,0,0
2022-11-26,22169,744,987,169,2,4,71,,,,,,,0,0
2022-11-25,22165,744,975,164,2,4,71,,,,,,,0,0
2022-11-24,22160,744,963,158,3,5,70,,,,,,,0,0
2022-11-23,22150,634,953,154,4,7,68,,,,,,,0,0
2022-11-22,22146,634,939,150,4,7,68,,,,,,,0,0
2022-11-21,22142,634,921,143,4,7,68,,,,,,,0,0
2022-11-20,22140,634,926,143,4,7,68,,,,,,,0,0
2022-11-19,22136,634,924,145,4,8,68,,,,,,,0,0
2022-11-18,22122,634,917,143,4,8,68,,,,,,,0,0
2022-11-17,22119,634,908,143,4,8,68,,,,,,,0,0
2022-11-16,22114,673,898,134,5,9,67,,,,,,,0,0
2022-11-15,22110,711,889,126,5,10,66,,,,,,,0,0
2022-11-14,22105,711,884,122,5,10,66,,,,,,,0,0
2022-11-13,22105,711,887,122,3,7,68,,,,,,,0,0
2022-11-12,22102,711,888,125,3,7,68,,,,,,,0,0
2022-11-11,22098,711,883,119,3,7,68,,,,,,,0,0
2022-11-10,22097,711,883,118,3,7,68,,,,,,,0,0
2022-11-09,22094,514,881,110,2,7,68,,,,,,,0,0
2022-11-08,22091,514,880,104,2,6,69,,,,,,,0,0
2022-11-07,22088,514,879,99,2,6,70,,,,,,,0,0
2022-11-06,22088,514,881,99,2,6,70,,,,,,,0,0
2022-11-05,22087,514,878,99,2,6,70,,,,,,,0,0
2022-11-04,22086,514,877,97,2,5,71,,,,,,,0,0
2022-11-03,22082,514,885,97,2,5,71,,,,,,,0,0
2022-11-02,22079,704,884,89,1,3,73,,,,,,,0,0
2022-11-01,22078,704,879,87,1,3,73,,,,,,,0,0
2022-10-31,22077,704,889,84,1,3,73,,,,,,,0,0
2022-10-30,22077,704,889,84,1,3,73,,,,,,,0,0
2022-10-29,22072,704,901,84,1,2,74,,,,,,,0,0
2022-10-28,22066,704,897,82,1,2,75,,,,,,,0,0
2022-10-27,22061,704,895,80,1,2,75,,,,,,,0,0
2022-10-26,22052,797,896,76,1,2,75,,,,,,,0,0
2022-10-25,22041,797,890,62,1,2,75,,,,,,,0,0
2022-10-24,22037,797,892,57,1,1,77,,,,,,,0,0
2022-10-23,22032,797,896,57,1,1,77,,,,,,,0,0
2022-10-22,22031,797,897,58,1,1,77,,,,,,,0,0
2022-10-21,22029,797,889,56,1,1,78,,,,,,,0,0
2022-10-20,22025,797,887,235,1,1,78,,,,,,,0,0
2022-10-19,22021,682,890,235,1,1,79,,,,,,,0,0
2022-10-18,22021,682,873,232,1,1,79,,,,,,,0,0
2022-10-17,22020,682,874,227,1,1,79,,,,,,,0,0
2022-10-16,22018,682,882,227,1,1,79,,,,,,,0,0
2022-10-15,22016,682,876,227,1,1,80,,,,,,,0,0
2022-10-14,22015,682,867,225,1,1,80,,,,,,,0,0
2022-10-13,22014,682,868,225,1,1,79,,,,,,,0,0
2022-10-12,22010,832,860,220,1,1,79,,,,,,,0,0
2022-10-11,22009,832,851,220,1,1,79,,,,,,,0,0
2022-10-10,22005,832,848,221,1,1,79,,,,,,,0,0
2022-10-09,22004,832,855,221,1,1,80,,,,,,,0,0
2022-10-08,21999,832,854,221,1,1,78,,,,,,,0,0
2022-10-07,21964,832,845,219,1,1,78,,,,,,,0,0
2022-10-06,21964,832,834,216,1,1,77,,,,,,,0,0
2022-10-05,21950,767,825,217,1,1,77,,,,,,,0,0
2022-10-04,21942,767,815,191,1,1,77,,,,,,,0,0
2022-10-03,21941,767,810,190,1,1,77,,,,,,,0,0
2022-10-02,21941,767,808,190,1,1,77,,,,,,,0,0
2022-09-30,21942,767,802,190,1,1,77,,,,,,,0,0
2022-09-29,21935,741,790,186,1,3,73,,,,,,,0,0
2022-09-28,21935,721,783,186,1,3,73,,,,,,,0,0
2022-09-27,21935,701,776,186,1,3,73,,,,,,,0,0
2022-09-26,21935,681,769,186,1,3,73,,,,,,,0,0
2022-09-25,21935,661,762,186,1,3,73,,,,,,,0,0
2022-09-24,21935,641,755,186,1,3,73,,,,,,,0,0
2022-09-23,21935,621,748,186,1,3,73,,,,,,,0,0
2022-09-22,21935,601,741,186,1,3,73,,,,,,,0,0
2022-09-21,21936,647,744,186,1,3,73,,,,,,,0,0
2022-09-20,21935,647,753,187,2,4,71,,,,,,,0,0
2022-09-19,21934,647,733,187,2,4,71,,,,,,,0,0
2022-09-18,21933,647,740,184,2,4,70,,,,,,,0,0
2022-09-17,21933,647,745,184,2,4,70,,,,,,,0,0
2022-09-16,21933,647,750,184,2,4,70,,,,,,,0,0
2022-09-15,21933,647,755,184,2,4,70,,,,,,,0,0
2022-09-14,21935,607,762,183,2,4,70,,,,,,,0,0
2022-09-13,21934,607,757,178,2,4,70,,,,,,,0,0
2022-09-12,21933,607,761,175,2,4,70,,,,,,,0,0
2022-09-11,21933,607,775,174,2,4,70,,,,,,,0,0
2022-09-10,21932,607,777,174,2,4,70,,,,,,,0,0
2022-09-09,21930,607,774,176,4,7,67,,,,,,,0,0
2022-09-08,21930,607,771,176,4,7,66,,,,,,,0,0
2022-09-07,21929,598,769,179,4,7,66,,,,,,,0,0
2022-09-06,21921,576,782,177,4,3,72,,,,,,,0,0
2022-09-05,21919,558,789,175,4,3,72,,,,,,,0,0
2022-09-04,21917,540,796,173,4,3,72,,,,,,,0,0
2022-09-03,21915,522,803,171,4,3,72,,,,,,,0,0
2022-09-02,21913,504,810,169,4,3,72,,,,,,,0,0
2022-09-01,21911,486,817,167,4,3,72,,,,,,,0,0
2022-08-31,21909,468,824,165,4,3,72,,,,,,,0,0
2022-08-30,21907,450,831,163,4,3,72,,,,,,,0,0
2022-08-29,21907,450,834,159,2,3,72,,,,,,,0,0
2022-08-28,21907,450,844,159,2,3,72,,,,,,,0,0
2022-08-27,21904,450,840,161,2,3,72,,,,,,,0,0
2022-08-26,21903,450,840,158,1,2,73,,,,,,,0,0
2022-08-25,21903,450,834,157,1,1,76,,,,,,,0,0
2022-08-24,21875,456,858,142,1,1,78,,,,,,,0,0
2022-08-23,21874,460,863,142,1,1,78,,,,,,,0,0
2022-08-22,21873,464,868,142,1,1,78,,,,,,,0,0
2022-08-21,21872,468,873,142,1,1,78,,,,,,,0,0
2022-08-20,21871,472,878,142,1,1,78,,,,,,,0,0
2022-08-19,21870,476,883,142,1,1,78,,,,,,,0,0
2022-08-18,21869,480,888,142,1,1,78,,,,,,,0,0
2022-08-17,21868,484,893,142,1,1,78,,,,,,,0,0
2022-08-16,21867,488,898,142,1,1,78,,,,,,,0,0
2022-08-15,21866,492,903,142,1,1,78,,,,,,,0,0
2022-08-14,21865,496,908,142,1,1,78,,,,,,,0,0
2022-08-13,21864,500,913,142,1,1,78,,,,,,,0,0
2022-08-12,21863,504,918,142,1,1,78,,,,,,,0,0
2022-08-11,21862,508,923,142,1,1,78,,,,,,,0,0
2022-08-10,21861,512,928,142,1,1,78,,,,,,,0,0
2022-08-09,21860,516,933,142,1,1,78,,,,,,,0,0
2022-08-08,21859,520,938,142,1,1,78,,,,,,,0,0
2022-08-07,21858,524,943,142,1,1,78,,,,,,,0,0
2022-08-06,21857,528,948,142,1,1,78,,,,,,,0,0
2022-08-05,21856,532,953,142,1,1,78,,,,,,,0,0
2022-08-04,21855,536,958,142,1,1,78,,,,,,,0,0
2022-08-03,21854,540,963,142,1,1,78,,,,,,,0,0
2022-08-02,21853,544,968,142,1,1,78,,,,,,,0,0
2022-08-01,21852,548,973,142,1,1,78,,,,,,,0,0
2022-07-31,21851,552,978,142,1,1,78,,,,,,,0,0
2022-07-30,21850,556,983,142,1,1,78,,,,,,,0,0
2022-07-29,21849,560,988,142,1,1,78,,,,,,,0,0
2022-07-28,21848,564,993,142,1,1,78,,,,,,,0,0
2022-07-27,21843,719,1010,139,1,1,78,,,,,,,0,0
2022-07-26,21838,719,1002,131,1,1,78,,,,,,,0,0
2022-07-25,21834,719,1014,130,1,1,78,,,,,,,0,0
2022-07-24,21834,719,1121,130,1,1,78,,,,,,,0,0
2022-07-23,21832,719,1131,129,1,1,78,,,,,,,0,0
2022-07-22,21828,719,1134,130,1,1,78,,,,,,,0,0
2022-07-21,21821,719,1127,131,1,1,78,,,,,,,0,0
2022-07-20,21817,626,1130,132,1,1,78,,,,,,,0,0
2022-07-19,21812,626,1141,128,1,1,78,,,,,,,0,0
2022-07-18,21812,626,1140,127,1,1,78,,,,,,,0,0
2022-07-17,21808,626,1143,130,1,1,78,,,,,,,0,0
2022-07-16,21805,626,1146,132,1,1,78,,,,,,,0,0
2022-07-15,21802,626,1149,134,1,1,78,,,,,,,0,0
2022-07-14,21796,626,1144,133,1,1,78,,,,,,,0,0
2022-07-13,21788,694,1139,118,1,1,78,,,,,,,0,0
2022-07-12,21776,694,1138,96,1,1,78,,,,,,,0,0
2022-07-11,21773,694,1139,95,1,1,78,,,,,,,0,0
2022-07-10,21771,694,1139,95,1,1,78,,,,,,,0,0
2022-07-09,21767,694,1137,93,1,1,78,,,,,,,0,0
2022-07-08,21763,694,1135,92,1,1,78,,,,,,,0,0
2022-07-07,21758,694,1125,91,1,1,78,,,,,,,0,0
2022-07-06,21757,726,1121,90,1,1,78,,,,,,,0,0
2022-07-05,21754,726,1117,89,1,1,78,,,,,,,0,0
2022-07-04,21750,726,1119,90,1,1,78,,,,,,,0,0
2022-07-03,21747,726,1122,92,1,1,78,,,,,,,0,0
2022-07-01,21737,726,1121,79,1,1,80,,,,,,,0,0
2022-06-30,21735,726,1110,363,1,1,80,,,,,,,0,0
2022-06-29,21736,726,1108,359,1,1,80,,,,,,,0,0
2022-06-28,21725,790,1100,352,1,1,80,,,,,,,0,0
2022-06-27,21719,792,1089,338,1,1,80,,,,,,,0,0
2022-06-26,21719,794,1097,337,1,1,80,,,,,,,0,0
2022-06-25,21714,796,1099,337,1,1,80,,,,,,,0,0
2022-06-24,21713,798,1096,333,1,1,80,,,,,,,0,0
2022-06-23,21702,800,1084,333,1,1,80,,,,,,,0,0
2022-06-22,21698,802,1079,332,1,1,80,,,,,,,0,0
2022-06-21,21694,802,1085,331,1,1,80,,,,,,,0,0
2022-06-20,21689,802,1094,332,1,1,80,,,,,,,0,0
2022-06-19,21688,802,1090,331,1,1,80,,,,,,,0,0
2022-06-18,21686,802,1099,332,1,1,78,,,,,,,0,0
2022-06-17,21681,802,1089,329,1,2,76,,,,,,,0,0
2022-06-16,21674,743,1082,331,1,2,75,,,,,,,0,0
2022-06-15,21667,685,1077,331,1,2,75,,,,,,,0,0
2022-06-14,21660,627,1072,331,1,2,75,,,,,,,0,0
2022-06-13,21654,627,1070,328,1,3,74,,,,,,,0,0
2022-06-12,21649,627,1069,326,1,3,74,,,,,,,0,0
2022-06-11,21648,627,1078,321,1,2,74,,,,,,,0,0
2022-06-10,21647,627,1084,322,1,2,76,,,,,,,0,0
2022-06-09,21643,627,1089,320,1,2,76,,,,,,,0,0
2022-06-08,21628,578,1069,319,1,2,76,,,,,,,0,0
2022-06-07,21614,529,1050,319,1,2,76,,,,,,,0,0
2022-06-06,21601,529,1033,306,1,1,77,,,,,,,0,0
2022-06-05,21598,529,1023,308,1,1,79,,,,,,,0,0
2022-06-04,21598,529,1029,306,1,1,79,,,,,,,0,0
2022-06-03,21596,529,1027,306,1,1,78,,,,,,,0,0
2022-06-02,21587,529,1023,304,1,1,78,,,,,,,0,0
2022-06-01,21581,701,1013,301,1,1,77,,,,,,,0,0
2022-05-31,21582,701,1020,296,1,1,77,,,,,,,0,0
2022-05-30,21576,701,1009,297,1,1,77,,,,,,,0,0
2022-05-29,21574,701,1016,296,1,1,77,,,,,,,0,0
2022-05-28,21575,701,1019,296,1,1,79,,,,,,,0,0
2022-05-27,21572,701,1015,294,1,1,79,,,,,,,0,0
2022-05-26,21569,701,1015,295,1,1,79,,,,,,,0,0
2022-05-25,21560,823,1027,292,1,1,79,,,,,,,0,0
2022-05-24,21545,823,1011,282,1,1,79,,,,,,,0,0
2022-05-23,21540,823,1006,281,1,1,79,,,,,,,0,0
2022-05-22,21538,823,1015,281,1,1,79,,,,,,,0,0
2022-05-21,21534,823,1021,281,1,1,79,,,,,,,0,0
2022-05-20,21530,823,1018,276,1,1,79,,,,,,,0,0
2022-05-19,21525,823,1019,276,1,1,79,,,,,,,0,0
2022-05-18,21519,745,1040,274,1,1,79,,,,,,,0,0
2022-05-17,21515,745,1048,273,1,1,79,,,,,,,0,0
2022-05-16,21506,745,1073,278,1,1,79,,,,,,,0,0
2022-05-15,21502,745,1126,268,1,1,80,,,,,,,0,0
2022-05-14,21498,745,1141,265,1,1,80,,,,,,,0,0
2022-05-13,21492,745,1140,260,1,1,80,,,,,,,0,0
2022-05-12,21488,745,1163,262,1,1,80,,,,,,,0,0
2022-05-11,21483,827,1152,260,1,1,80,,,,,,,0,0
2022-05-10,21478,827,1234,258,1,1,80,,,,,,,0,0
2022-05-09,21474,827,1315,256,1,1,80,,,,,,,0,0
2022-05-08,21468,827,1350,257,1,1,80,,,,,,,0,0
2022-05-07,21464,827,1384,256,1,1,79,,,,,,,0,0
2022-05-06,21461,827,1417,255,1,1,79,,,,,,,0,0
2022-05-05,21457,827,1425,247,1,1,79,,,,,,,0,0
2022-05-04,21452,770,1435,245,1,1,77,,,,,,,0,0
2022-05-03,21451,770,1459,244,1,1,77,,,,,,,0,0
2022-05-02,21450,770,1482,243,1,1,77,,,,,,,0,0
2022-05-01,21446,770,1523,243,1,1,77,,,,,,,0,0
2022-04-30,21444,770,1559,238,1,1,77,,,,,,,0,0
2022-04-29,21438,770,1586,240,1,1,77,,,,,,,0,0
2022-04-28,21431,770,1596,229,1,2,75,,,,,,,0,0
2022-04-27,21429,542,1629,225,1,2,75,,,,,,,0,0
2022-04-26,21424,542,1511,224,1,2,77,,,,,,,0,0
2022-04-25,21420,542,1520,222,1,2,77,,,,,,,0,0
2022-04-24,21419,542,1529,223,1,2,76,,,,,,,0,0
2022-04-23,21417,542,1541,222,1,3,76,,,,,,,0,0
2022-04-22,21414,542,1538,223,1,3,76,,,,,,,0,0
2022-04-21,21409,542,1538,220,1,3,76,,,,,,,0,0
2022-04-20,21404,589,1515,219,1,3,76,,,,,,,0,0
2022-04-19,21400,636,1493,219,1,3,76,,,,,,,0,0
2022-04-18,21399,636,1505,218,1,3,75,,,,,,,0,0
2022-04-17,21398,636,1519,217,1,3,75,,,,,,,0,0
2022-04-16,21398,636,1526,216,1,3,75,,,,,,,0,0
2022-04-15,21394,636,1532,216,1,3,75,,,,,,,0,0
2022-04-14,21393,636,1529,212,1,3,75,,,,,,,0,0
2022-04-13,21390,775,1531,209,1,3,75,,,,,,,0,0
2022-04-12,21384,775,1526,210,1,3,75,,,,,,,0,0
2022-04-11,21382,775,1524,209,1,2,77,,,,,,,0,0
2022-04-10,21380,775,1530,210,1,2,77,,,,,,,0,0
2022-04-09,21380,775,1534,209,1,2,77,,,,,,,0,0
2022-04-08,21379,775,1534,209,1,2,77,,,,,,,0,0
2022-04-07,21379,775,1538,206,1,2,77,,,,,,,0,0
2022-04-06,21377,705,1551,205,1,2,77,,,,,,,0,0
2022-04-05,21374,705,1561,206,1,2,77,,,,,,,0,0
2022-04-04,21374,705,1581,206,1,2,77,,,,,,,0,0
2022-04-03,21366,688,1593,200,1,1,79,,,,,,,0,0
2022-04-02,21363,675,1600,199,1,1,79,,,,,,,0,0
2022-04-01,21360,662,1607,198,1,1,79,,,,,,,0,0
2022-03-31,21357,649,1614,197,1,1,79,,,,,,,0,0
2022-03-30,21354,636,1621,196,1,1,79,,,,,,,0,0
2022-03-29,21351,623,1628,195,1,1,79,,,,,,,0,0
2022-03-28,21347,623,1638,201,1,1,79,,,,,,,0,0
2022-03-27,21346,623,1659,201,1,1,79,,,,,,,0,0
2022-03-26,21345,623,1675,201,1,1,79,,,,,,,0,0
2022-03-25,21341,623,1681,192,1,1,79,,,,,,,0,0
2022-03-24,21336,623,1674,190,1,1,79,,,,,,,0,0
2022-03-23,21328,932,1671,191,1,1,79,,,,,,,0,0
2022-03-22,21324,932,1672,177,1,1,79,,,,,,,0,0
2022-03-21,21321,932,1675,172,1,1,79,,,,,,,0,0
2022-03-20,21320,932,1684,172,1,2,78,,,,,,,0,0
2022-03-19,21322,932,1697,172,1,2,78,,,,,,,0,0
2022-03-18,21322,932,1694,632,1,2,78,,,,,,,0,0
2022-03-17,21316,932,1684,1040,1,2,78,,,,,,,0,0
2022-03-16,21313,624,1690,1348,1,2,78,,,,,,,0,0
2022-03-15,21309,624,1682,1349,1,2,78,,,,,,,0,0
2022-03-14,21301,624,1686,1369,1,2,78,,,,,,,0,0
2022-03-13,21299,624,1683,1366,1,2,77,,,,,,,0,0
2022-03-12,21296,624,1701,1367,3,14,66,,,,,,,0,0
2022-03-11,21293,624,1698,1374,4,15,66,,,,,,,0,0
2022-03-10,21288,624,1701,1372,1,3,76,,,,,,,0,0
2022-03-09,21284,697,1709,1374,1,3,76,,,,,,,0,0
2022-03-08,21275,697,1714,1375,1,3,76,,,,,,,0,0
2022-03-07,21273,697,1720,1377,1,3,76,,,,,,,0,0
2022-03-06,21267,697,1722,1379,1,3,76,,,,,,,0,0
2022-03-05,21264,697,1723,1381,1,3,76,,,,,,,0,0
2022-03-04,21261,697,1724,1383,1,3,76,,,,,,,0,0
2022-03-03,21258,697,1725,1385,1,3,76,,,,,,,0,0
2022-03-02,21247,711,1727,1378,1,3,76,,,,,,,0,0
2022-03-01,21242,711,1734,1380,1,3,76,,,,,,,0,0
2022-02-28,21238,711,1734,1388,1,3,75,,,,,,,0,0
2022-02-27,21237,711,1748,1389,1,3,76,,,,,,,0,0
2022-02-26,21230,711,1752,1395,1,3,76,,,,,,,0,0
2022-02-25,21223,711,1749,1400,1,4,74,,,,,,,0,0
2022-02-24,21213,711,1745,1432,1,6,72,,,,,,,0,0
2022-02-23,21201,859,1738,1440,2,8,70,,,,,,,0,0
2022-02-22,21196,859,1731,1444,2,8,70,,,,,,,0,0
2022-02-21,21195,859,1731,1626,2,8,70,,,,,,,0,0
2022-02-20,21190,859,1742,1631,2,8,70,,,,,,,0,0
2022-02-19,21183,859,1755,1637,2,8,70,,,,,,,0,0
2022-02-18,21170,859,1739,1616,1,7,71,,,,,,,0,0
2022-02-17,21145,859,1716,1920,1,7,71,,,,,,,0,0
2022-02-16,21130,859,1730,1898,1,7,71,,,,,,,0,0
2022-02-15,21120,660,1710,1943,1,5,72,,,,,,,0,0
2022-02-14,21101,660,1680,2040,1,5,73,,,,,,,0,0
2022-02-13,21096,660,1666,2043,1,5,73,,,,,,,0,0
2022-02-12,21078,660,1661,2031,1,5,73,,,,,,,0,0
2022-02-11,21045,660,1635,1985,1,5,73,,,,,,,0,0
2022-02-10,20999,660,1470,2004,1,5,73,,,,,,,0,0
2022-02-09,20974,701,1462,2077,1,5,73,,,,,,,0,0
2022-02-08,20927,701,1429,1963,1,5,73,,,,,,,0,0
2022-02-07,20888,701,1420,2033,1,5,73,,,,,,,0,0
2022-02-06,20863,701,1401,2065,1,4,74,,,,,,,0,0
2022-02-05,20833,701,1381,1973,1,5,73,,,,,,,0,0
2022-02-04,20804,701,1362,1882,1,5,73,,,,,,,0,0
2022-02-03,20771,701,1338,1809,1,5,73,,,,,,,0,0
2022-02-02,20731,688,1312,1797,1,5,73,,,,,,,0,0
2022-02-01,20721,688,1331,1776,1,5,73,,,,,,,0,0
2022-01-31,20684,688,1304,1698,1,5,73,,,,,,,0,0
2022-01-30,20647,688,1279,1621,1,5,73,,,,,,,0,0
2022-01-29,20610,688,1254,1544,1,5,73,,,,,,,0,0
2022-01-28,20569,688,1212,1466,1,4,74,,,,,,,0,0
2022-01-27,20554,688,1196,1418,1,3,75,,,,,,,0,0
2022-01-26,20542,565,1194,1391,1,2,78,,,,,,,0,0
2022-01-25,20530,565,1204,1384,1,2,78,,,,,,,0,0
2022-01-24,20524,565,1218,1375,1,2,78,,,,,,,0,0
2022-01-23,20519,565,1235,1370,1,2,78,,,,,,,0,0
2022-01-22,20515,565,1260,1356,1,1,78,,,,,,,0,0
2022-01-21,20508,565,1255,1343,1,1,78,,,,,,,0,0
2022-01-20,20501,565,1255,1332,1,2,78,,,,,,,0,0
2022-01-19,20492,671,1250,1320,1,1,78,,,,,,,0,0
2022-01-18,20483,671,1243,1311,1,1,78,,,,,,,0,0
2022-01-17,20480,671,1239,1301,1,1,78,,,,,,,0,0
2022-01-16,20477,671,1245,1291,1,1,79,,,,,,,0,0
2022-01-15,20473,671,1255,1285,1,1,79,,,,,,,0,0
2022-01-14,20465,671,1254,1267,1,1,79,,,,,,,0,0
2022-01-13,20461,671,1252,1270,1,1,79,,,,,,,0,0
2022-01-12,20455,521,1259,1282,1,1,79,,,,,,,0,0
2022-01-11,20449,521,1260,1280,1,1,79,,,,,,,0,0
2022-01-10,20446,521,1261,1283,1,1,79,,,,,,,0,0
2022-01-09,20444,521,1260,1288,1,1,79,,,,,,,0,0
2022-01-08,20441,521,1260,1297,1,1,79,,,,,,,0,0
2022-01-07,20435,521,1248,1302,1,1,79,,,,,,,0,0
2022-01-06,20430,521,1238,1312,1,1,79,,,,,,,0,0
2022-01-05,20429,489,1231,1310,1,1,79,,,,,,,0,0
2022-01-04,20418,489,1224,1320,1,1,79,,,,,,,0,0
2022-01-03,20407,489,1218,1330,1,1,79,,,,,,,0,0
2022-01-02,20403,489,1228,1331,1,1,79,,,,,,,0,0
2022-01-01,20400,489,1225,1331,1,1,79,,,,,,,0,0
2021-12-31,20400,489,1220,1340,1,1,79,,,,,,,0,0
2021-12-30,20395,489,1227,1341,1,1,81,,,,,,,0,0
2021-12-29,20387,1301,1239,1346,1,1,81,,,,,,,0,0
2021-12-28,20385,1301,1243,1348,1,1,81,,,,,,,0,0
2021-12-27,20379,1301,1223,1349,1,1,81,,,,,,,0,0
2021-12-26,20372,1301,1225,1354,1,1,81,,,,,,,0,0
2021-12-25,20363,1301,1230,1377,1,1,81,,,,,,,0,0
2021-12-24,20355,1301,1235,1370,1,1,81,,,,,,,0,0
2021-12-23,20349,1301,1268,1360,1,1,81,,,,,,,0,0
2021-12-22,20344,876,1277,1374,1,1,81,,,,,,,0,0
2021-12-21,20337,876,1289,1384,1,1,81,,,,,,,0,0
2021-12-20,20330,876,1283,1399,1,1,80,,,,,,,0,0
2021-12-19,20330,876,1296,1405,1,1,80,,,,,,,0,0
2021-12-18,20322,876,1305,1417,1,1,80,,,,,,,0,0
2021-12-17,20309,876,1299,1429,1,1,80,,,,,,,0,0
2021-12-16,20290,876,1288,1428,1,1,80,,,,,,,0,0
2021-12-15,20283,789,1283,1426,1,1,80,,,,,,,0,0
2021-12-14,20278,789,1284,1434,1,1,80,,,,,,,0,0
2021-12-13,20272,789,1272,1447,1,1,80,,,,,,,0,0
2021-12-12,20266,789,1272,1459,1,1,81,,,,,,,0,0
2021-12-11,20262,789,1280,1471,1,1,81,,,,,,,0,0
2021-12-10,20253,789,1271,1472,1,1,81,,,,,,,0,0
2021-12-09,20243,789,1261,1475,1,1,81,,,,,,,0,0
2021-12-08,20234,584,1258,1476,1,1,81,,,,,,,0,0
2021-12-07,20227,584,1260,1480,1,1,81,,,,,,,0,0
2021-12-06,20217,584,1261,1475,1,1,81,,,,,,,0,0
2021-12-05,20212,584,1276,1488,1,1,81,,,,,,,0,0
2021-12-04,20206,584,1289,1495,1,1,81,,,,,,,0,0
2021-12-03,20192,584,1291,1505,1,1,81,,,,,,,0,0
2021-12-02,20177,584,1282,1473,1,1,80,,,,,,,0,0
2021-12-01,20163,865,1287,1440,1,1,80,,,,,,,0,0
2021-11-30,20140,865,1283,1409,1,1,80,,,,,,,0,0
2021-11-29,20129,865,1285,1406,1,1,80,,,,,,,0,0
2021-11-28,20122,865,1297,1415,1,1,80,,,,,,,0,0
2021-11-27,20112,865,1302,1426,1,1,80,,,,,,,0,0
2021-11-26,20101,865,1306,1435,1,1,80,,,,,,,0,0
2021-11-25,20097,865,1312,1431,1,1,80,,,,,,,0,0
2021-11-24,20095,735,1321,1426,1,1,81,,,,,,,0,0
2021-11-23,20089,735,1316,1438,1,1,81,,,,,,,0,0
2021-11-22,20074,735,1310,1458,1,1,81,,,,,,,0,0
2021-11-21,20071,735,1321,1453,1,1,81,,,,,,,0,0
2021-11-20,20067,735,1327,1462,1,1,81,,,,,,,0,0
2021-11-19,20063,735,1329,1461,1,1,81,,,,,,,0,0
2021-11-18,20057,735,1316,1465,1,1,81,,,,,,,0,0
2021-11-17,20049,1002,1309,1469,1,1,81,,,,,,,0,0
2021-11-16,20049,1002,1315,1487,1,1,81,,,,,,,0,0
2021-11-15,20045,1002,1322,1495,1,1,81,,,,,,,0,0
2021-11-14,20041,1002,1331,1503,1,1,80,,,,,,,0,0
2021-11-13,20039,1002,1344,1509,1,1,81,,,,,,,0,0
2021-11-12,20031,1002,1338,1496,1,1,81,,,,,,,0,0
2021-11-11,20028,1002,1334,1503,1,1,81,,,,,,,0,0
2021-11-10,20021,951,1330,1513,1,1,80,,,,,,,0,0
2021-11-09,20015,902,1327,1522,1,1,80,,,,,,,0,0
2021-11-08,20009,853,1324,1531,1,1,80,,,,,,,0,0
2021-11-07,20007,853,1324,1538,1,1,80,,,,,,,0,0
2021-11-06,20005,853,1317,1548,1,1,80,,,,,,,0,0
2021-11-05,19996,853,1292,1558,1,1,80,,,,,,,0,0
2021-11-04,19983,853,1271,1569,1,1,80,,,,,,,0,0
2021-11-03,19983,853,1288,1569,1,1,80,,,,,,,0,0
2021-11-02,19926,886,1260,1550,1,1,81,,,,,,,0,0
2021-11-01,19890,886,1251,1499,1,1,80,,,,,,,0,0
2021-10-31,19885,886,1259,1491,1,1,80,,,,,,,0,0
2021-10-30,19882,886,1269,1497,1,1,80,,,,,,,0,0
2021-10-29,19868,886,1266,1506,1,1,80,,,,,,,0,0
2021-10-28,19836,886,1252,1499,1,1,80,,,,,,,0,0
2021-10-27,19802,723,1232,1470,1,1,80,,,,,,,0,0
2021-10-26,19783,723,1207,1446,1,1,80,,,,,,,0,0
2021-10-25,19782,723,1218,1441,1,1,80,,,,,,,0,0
2021-10-24,19762,723,1198,1435,1,1,80,,,,,,,0,0
2021-10-23,19760,723,1205,1448,1,1,81,,,,,,,0,0
2021-10-22,19759,723,1204,1451,1,1,81,,,,,,,0,0
2021-10-21,19756,723,1199,1456,1,1,81,,,,,,,0,0
2021-10-20,19752,1682,1201,1460,1,1,81,,,,,,,0,0
2021-10-19,19747,1682,1197,1456,1,1,81,,,,,,,0,0
2021-10-18,19741,1682,1190,1465,1,1,81,,,,,,,0,0
2021-10-17,19736,1682,1197,1446,1,1,81,,,,,,,0,0
2021-10-16,19733,1682,1212,1456,1,1,81,,,,,,,0,0
2021-10-15,19728,1682,1206,1438,1,1,80,,,,,,,0,0
2021-10-14,19720,1682,1199,1404,1,1,80,,,,,,,0,0
2021-10-13,19709,867,1192,1425,1,1,80,,,,,,,0,0
2021-10-12,19707,867,1194,1429,1,1,81,,,,,,,0,0
2021-10-11,19706,867,1197,1432,1,1,81,,,,,,,0,0
2021-10-10,19707,867,1204,1434,1,1,81,,,,,,,0,0
2021-10-09,19706,867,1206,1442,1,1,81,,,,,,,0,0
2021-10-08,19703,867,1202,1447,1,1,81,,,,,,,0,0
2021-10-07,19702,867,1190,1451,1,1,81,,,,,,,0,0
2021-10-06,19701,812,1194,1455,1,1,81,,,,,,,0,0
2021-10-05,19696,812,1187,1452,1,1,81,,,,,,,0,0
2021-10-04,19682,812,1169,1451,1,1,81,,,,,,,0,0
2021-10-03,19681,812,1171,1456,1,1,81,,,,,,,0,0
2021-10-02,19679,812,1174,1466,1,1,81,,,,,,,0,0
2021-10-01,19675,812,1170,1469,1,1,81,,,,,,,0,0
2021-09-30,19667,812,1140,1479,1,1,81,,,,,,,0,0
2021-09-29,19664,921,1131,1487,1,1,81,,,,,,,0,0
2021-09-28,19653,921,1126,1486,1,1,81,,,,,,,0,0
2021-09-27,19628,921,1119,1471,1,1,81,,,,,,,0,0
2021-09-26,19620,921,1121,1451,1,1,81,,,,,,,0,0
2021-09-25,19619,921,1130,1455,1,1,81,,,,,,,0,0
2021-09-24,19616,921,1095,1457,1,1,81,,,,,,,0,0
2021-09-23,19604,921,1092,1449,1,1,81,,,,,,,0,0
2021-09-22,19589,923,1109,1428,1,1,81,,,,,,,0,0
2021-09-21,19576,923,1148,1409,1,1,81,,,,,,,0,0
2021-09-20,19564,923,1178,1417,1,1,81,,,,,,,0,0
2021-09-19,19563,923,1188,1409,1,1,81,,,,,,,0,0
2021-09-18,19554,923,1189,1408,1,1,81,,,,,,,0,0
2021-09-17,19552,923,1191,1407,1,1,81,,,,,,,0,0
2021-09-16,19550,923,1192,1406,1,1,81,,,,,,,0,0
2021-09-15,19539,1001,1179,1405,1,1,81,,,,,,,0,0
2021-09-14,19534,1001,1181,1404,1,1,81,,,,,,,0,0
2021-09-13,19528,1001,1186,1403,1,1,81,,,,,,,0,0
2021-09-12,19524,1001,1191,1402,1,1,81,,,,,,,0,0
2021-09-11,19520,1001,1209,1397,1,1,81,,,,,,,0,0
2021-09-10,19515,1001,1207,1399,1,1,81,,,,,,,0,0
2021-09-09,19505,1001,1193,1399,1,1,81,,,,,,,0,0
2021-09-08,19504,1001,1198,1388,1,1,81,,,,,,,0,0
2021-09-07,19495,865,1182,1392,1,1,81,,,,,,,0,0
2021-09-06,19480,865,1182,1390,1,1,81,,,,,,,0,0
2021-09-05,19473,865,1186,1390,1,1,81,,,,,,,0,0
2021-09-04,19472,865,1179,1382,1,1,81,,,,,,,0,0
2021-09-03,19470,865,1182,1384,1,1,81,,,,,,,0,0
2021-09-02,19468,865,1176,1379,1,1,81,,,,,,,0,0
2021-09-01,18899,865,1178,1373,1,1,81,,,,,,,0,0
2021-08-31,18899,365,1179,1365,1,1,81,,,,,,,0,0
2021-08-30,18889,365,1184,1374,1,1,81,,,,,,,0,0
2021-08-29,19440,365,1201,1372,1,1,81,,,,,,,0,0
2021-08-28,19433,365,1202,1371,1,1,81,,,,,,,0,0
2021-08-27,19429,365,1194,1359,1,1,81,,,,,,,0,0
2021-08-26,19416,365,1179,1357,1,1,81,,,,,,,0,0
2021-08-25,19402,365,1169,1350,1,1,81,,,,,,,0,0
2021-08-24,19396,518,1164,1345,1,1,81,,,,,,,0,0
2021-08-23,19391,518,1159,1336,1,1,81,,,,,,,0,0
2021-08-22,19380,518,1167,1333,1,1,81,,,,,,,0,0
2021-08-21,19371,518,1164,1326,1,1,81,,,,,,,0,0
2021-08-20,19370,518,1175,1325,1,1,81,,,,,,,0,0
2021-08-19,19366,518,1167,1317,1,1,81,,,,,,,0,0
2021-08-18,19360,518,1163,1309,1,1,81,,,,,,,0,0
2021-08-17,19352,647,1159,1304,1,1,81,,,,,,,0,0
2021-08-16,19337,647,1183,1295,1,1,81,,,,,,,0,0
2021-08-15,19332,647,1182,1285,1,1,81,,,,,,,0,0
2021-08-14,19326,634,1176,1272,1,1,81,,,,,,,0,0
2021-08-13,19322,623,1173,1261,1,1,81,,,,,,,0,0
2021-08-12,19318,612,1170,1250,1,1,81,,,,,,,0,0
2021-08-11,19314,601,1167,1239,1,1,81,,,,,,,0,0
2021-08-10,19311,601,1165,1242,1,1,81,,,,,,,0,0
2021-08-09,19304,601,1177,1232,1,1,81,,,,,,,0,0
2021-08-08,19301,601,1173,1223,1,1,81,,,,,,,0,0
2021-08-07,19298,601,1171,1217,1,1,81,,,,,,,0,0
2021-08-06,19295,601,1169,1211,1,1,81,,,,,,,0,0
2021-08-05,19292,601,1167,1205,1,1,81,,,,,,,0,0
2021-08-04,19282,601,1165,1192,1,1,80,,,,,,,0,0
2021-08-03,19258,726,1127,1168,1,1,79,,,,,,,0,0
2021-08-02,19258,726,1127,1168,1,1,79,,,,,,,0,0
2021-08-01,19256,726,1119,1153,1,1,79,,,,,,,0,0
2021-07-31,19248,726,1118,1148,1,1,79,,,,,,,0,0
2021-07-30,19247,726,1117,1139,1,1,80,,,,,,,0,0
2021-07-29,19244,726,1111,1134,1,1,80,,,,,,,0,0
2021-07-28,19239,726,1108,1127,1,1,80,,,,,,,0,0
2021-07-27,19229,723,1108,1116,1,1,81,,,,,,,0,0
2021-07-26,19225,723,1113,1107,1,1,81,,,,,,,0,0
2021-07-25,19211,723,1104,1105,1,1,81,,,,,,,0,0
2021-07-24,19206,723,1105,1095,1,1,82,,,,,,,0,0
2021-07-23,19205,723,1113,1083,1,1,82,,,,,,,0,0
2021-07-22,19197,723,1109,1077,1,1,82,,,,,,,0,0
2021-07-21,19188,723,1105,1068,1,1,81,,,,,,,0,0
2021-07-20,19183,717,1105,1059,1,1,81,,,,,,,0,0
2021-07-19,19171,717,1102,1056,1,1,79,,,,,,,0,0
2021-07-18,19162,717,1087,1051,1,1,79,,,,,,,0,0
2021-07-17,19159,717,1091,1051,1,1,79,,,,,,,0,0
2021-07-16,19157,717,1097,1050,1,1,79,,,,,,,0,0
2021-07-15,19156,717,1098,1042,1,1,79,,,,,,,0,0
2021-07-14,19153,717,1104,1034,1,1,79,,,,,,,0,0
2021-07-13,19148,785,1106,1030,1,1,79,,,,,,,0,0
2021-07-12,19141,785,1104,1026,1,1,79,,,,,,,0,0
2021-07-11,19138,785,1102,1019,1,1,79,,,,,,,0,0
2021-07-10,19129,785,1108,1013,1,1,81,,,,,,,0,0
2021-07-09,19126,785,1116,1006,1,1,81,,,,,,,0,0
2021-07-08,19123,785,1115,1001,1,1,82,,,,,,,0,0
2021-07-07,19118,785,1107,993,1,1,82,,,,,,,0,0
2021-07-06,19115,857,1107,994,1,1,82,,,,,,,0,0
2021-07-05,19115,857,1108,994,1,1,82,,,,,,,0,0
2021-07-04,19114,857,1100,996,1,1,82,,,,,,,0,0
2021-07-03,19111,857,1113,985,1,1,82,,,,,,,0,0
2021-07-02,19109,857,1122,987,1,1,82,,,,,,,0,0
2021-07-01,19108,857,1123,988,1,1,82,,,,,,,0,0
2021-06-30,19106,857,1139,989,1,1,82,,,,,,,0,0
2021-06-29,19101,1380,1128,988,1,1,82,,,,,,,0,0
2021-06-28,19086,1380,1122,960,1,1,82,,,,,,,0,0
2021-06-27,19066,1380,1113,952,1,1,81,,,,,,,0,0
2021-06-26,19048,1380,1104,948,1,1,81,,,,,,,0,0
2021-06-25,19030,1380,1095,944,1,1,81,,,,,,,0,0
2021-06-24,19012,1380,1086,940,1,1,81,,,,,,,0,0
2021-06-23,18994,1380,1077,936,1,1,81,,,,,,,0,0
2021-06-22,18989,747,1007,917,1,1,81,,,,,,,0,0
2021-06-21,18979,747,1004,906,1,1,81,,,,,,,0,0
2021-06-20,18974,747,1007,890,1,1,81,,,,,,,0,0
2021-06-19,18972,747,1018,870,1,1,81,,,,,,,0,0
2021-06-18,18967,747,1023,874,1,1,82,,,,,,,0,0
2021-06-17,18956,747,1019,874,1,1,82,,,,,,,0,0
2021-06-16,18948,747,1029,865,1,1,82,,,,,,,0,0
2021-06-15,18939,955,1062,839,1,1,82,,,,,,,0,0
2021-06-14,18926,955,1088,844,1,1,82,,,,,,,0,0
2021-06-13,18909,955,1074,816,1,1,82,,,,,,,0,0
2021-06-12,18909,955,1082,816,1,1,82,,,,,,,0,0
2021-06-11,18906,955,1085,818,1,1,82,,,,,,,0,0
2021-06-10,18904,955,1076,819,1,1,82,,,,,,,0,0
2021-06-09,18894,955,1071,821,1,1,82,,,,,,,0,0
2021-06-08,18873,805,1062,809,1,1,82,,,,,,,0,0
2021-06-07,18854,805,1056,798,1,1,82,,,,,,,0,0
2021-06-06,18840,805,1068,778,1,1,82,,,,,,,0,0
2021-06-05,18834,805,1071,751,1,1,82,,,,,,,0,0
2021-06-04,18828,805,1072,754,1,1,82,,,,,,,0,0
2021-06-03,18819,805,1062,757,1,1,82,,,,,,,0,0
2021-06-02,18803,805,1060,736,1,1,82,,,,,,,0,0
2021-06-01,18795,832,1051,723,1,1,82,,,,,,,0,0
2021-05-31,18783,0,1043,713,1,1,82,,,,,,,0,0
2021-05-30,18783,0,1043,713,1,1,82,,,,,,,0,0
2021-05-29,18783,0,1043,713,1,1,82,,,,,,,0,0
2021-05-28,18783,0,1043,713,1,1,82,,,,,,,0,0
2021-05-27,18783,0,1043,713,1,1,82,,,,,,,0,0
2021-05-26,18783,0,1043,713,1,1,82,,,,,,,0,0
2021-05-25,18783,0,1043,713,1,1,82,,,,,,,0,0
2021-05-24,18783,0,1043,713,1,1,82,,,,,,,0,0
2021-05-23,18783,0,1043,713,1,1,82,,,,,,,0,0
2021-05-22,18783,0,1043,713,1,1,82,,,,,,,0,0
2021-05-21,18783,0,1043,713,1,1,82,,,,,,,0,0
2021-05-20,18783,0,1043,713,1,1,82,,,,,,,0,0
2021-05-19,18643,0,999,568,1,1,81,,,,,,,0,0
2021-05-18,18614,0,991,574,1,1,81,,,,,,,0,0
2021-05-17,18594,0,987,563,1,1,81,,,,,,,0,0
2021-05-16,18582,0,979,565,1,1,81,,,,,,,0,0
2021-05-15,18580,0,985,557,1,1,81,,,,,,,0,0
2021-05-14,18576,0,985,548,1,1,81,,,,,,,0,0
2021-05-13,18572,0,979,542,1,1,81,,,,,,,0,0
2021-05-12,18567,0,982,536,1,1,80,,,,,,,0,0
2021-05-11,18514,0,963,528,1,1,80,,,,,,,0,0
2021-05-10,18512,0,971,516,1,1,80,,,,,,,0,0
2021-05-09,18506,0,977,511,1,1,80,,,,,,,0,0
2021-05-08,18506,0,984,507,1,1,80,,,,,,,0,0
2021-05-07,18503,0,990,509,1,1,80,,,,,,,0,0
2021-05-06,18501,0,982,503,1,1,80,,,,,,,0,0
2021-05-05,18494,0,983,498,1,1,80,,,,,,,0,0
2021-05-04,18486,0,991,491,1,1,80,,,,,,,0,0
2021-05-03,18483,0,993,488,1,1,80,,,,,,,0,0
2021-05-02,18479,0,1010,486,1,1,80,,,,,,,0,0
2021-05-01,18477,0,1025,478,1,1,80,,,,,,,0,0
2021-04-30,18472,0,1031,477,1,1,80,,,,,,,0,0
2021-04-29,18469,0,1025,471,1,1,80,,,,,,,0,0
2021-04-28,18461,0,1026,468,1,1,80,,,,,,,0,0
2021-04-27,18457,0,1027,459,1,1,80,,,,,,,0,0
2021-04-26,18450,0,1030,447,1,1,80,,,,,,,0,0
2021-04-25,18439,0,1041,448,1,1,80,,,,,,,0,0
2021-04-24,18436,0,1059,439,1,1,80,,,,,,,0,0
2021-04-23,18431,0,1064,433,1,1,80,,,,,,,0,0
2021-04-22,18431,0,1062,423,1,1,80,,,,,,,0,0
2021-04-21,18426,0,1068,416,1,1,80,,,,,,,0,0
2021-04-20,18422,0,1182,410,1,1,80,,,,,,,0,0
2021-04-19,18418,0,1193,414,1,1,80,,,,,,,0,0
2021-04-18,18414,0,1203,408,1,1,80,,,,,,,0,0
2021-04-17,18413,0,1209,401,1,1,80,,,,,,,0,0
2021-04-16,18408,0,1212,397,1,1,80,,,,,,,0,0
2021-04-15,18407,0,1204,384,1,1,80,,,,,,,0,0
2021-04-14,18404,0,1210,373,1,1,80,,,,,,,0,0
2021-04-13,18403,0,1217,371,1,1,80,,,,,,,0,0
2021-04-12,18402,0,1231,369,1,1,80,,,,,,,0,0
2021-04-11,18398,0,1247,366,1,1,80,,,,,,,0,0
2021-04-10,18394,0,1259,361,1,1,80,,,,,,,0,0
2021-04-09,18394,0,1258,353,1,1,80,,,,,,,0,0
2021-04-08,18393,0,1256,346,1,1,80,,,,,,,0,0
2021-04-07,18387,0,1259,343,1,1,80,,,,,,,0,0
2021-04-06,18385,0,1264,336,1,1,80,,,,,,,0,0
2021-04-05,18379,0,1258,336,1,1,80,,,,,,,0,0
2021-04-04,18370,0,1268,329,1,1,80,,,,,,,0,0
2021-04-03,18370,0,1298,322,1,1,80,,,,,,,0,0
2021-04-02,18370,0,1305,316,1,1,80,,,,,,,0,0
2021-04-01,18368,0,1306,307,1,1,80,,,,,,,0,0
2021-03-31,18360,0,1299,293,1,1,81,,,,,,,0,0
